search_memory_key,expression_hash,skeleton_hash,field_set_hash,candidate_id,source_label,source_lane,phase3_budget_bucket,field_family,field_name,expression
v2cand-656e4b646e8b,864a758370f7a036f5d0b2f9,3e4e7a619207cf13e039acfd,a09120527c96e1ad160987c1,phase3aa_event_0002_phase3ae_brepair_v1_00002,phase3aj_selector_rounds1_2_20260606,phase3ae_bounded_repair_feature_layer,event_derived_feature_layer,limit_event_sentiment,fengdan_rate,CSRank(Neg($evt_limit_fengdan_rate_last_by_0930))
phase3ad_new_data:548c03fd607e2900,6ab76c864a98d739d12ab479,0af4ff3c96abef1e68af5d17,42b079ce88d472c3dce3c85e,phase3aa_event_0003_phase3ad_newdata_fundamental_goodwill_asset_inverse_00003,phase3aj_selector_rounds1_2_20260606,cn_phase3ad_new_data_feature_layer,fundamental_pit_feature_layer,,,"CSRank(Neg(Div($ctx_fulla_bs_goodwill,Add(Abs($ctx_fulla_bs_total_assets),0.000001))))"
v2cand-0d4ab3d957e2,ea85bac04a1ef251b966d0d8,ac6b177ac5ee47c4847b2ac5,a09120527c96e1ad160987c1,phase3aa_event_0003_phase3ae_brepair_v1_00003,phase3aj_selector_rounds1_2_20260606,phase3ae_bounded_repair_feature_layer,event_derived_feature_layer,limit_event_sentiment,fengdan_rate,"CSRank(Log(Add(Abs($evt_limit_fengdan_rate_last_by_0930),1)))"
phase3ad_new_data:4b0a2fba752906e9,d65da6dd0478948ec156d2f4,0af4ff3c96abef1e68af5d17,c6c2749276845d659000401c,phase3aa_event_0004_phase3ad_newdata_fundamental_inventory_asset_inverse_00004,phase3aj_selector_rounds1_2_20260606,cn_phase3ad_new_data_feature_layer,fundamental_pit_feature_layer,,,"CSRank(Neg(Div($ctx_fulla_bs_inventory,Add(Abs($ctx_fulla_bs_total_assets),0.000001))))"
v2cand-dbe5ceee3972,c039a021ff587a56154e9821,33ffcbf5f3dab6333c8a2cfa,a09120527c96e1ad160987c1,phase3aa_event_0005_phase3ae_brepair_v1_00005,phase3aj_selector_rounds1_2_20260606,phase3ae_bounded_repair_feature_layer,event_derived_feature_layer,limit_event_sentiment,fengdan_rate,"CSRank(Mean($evt_limit_fengdan_rate_last_by_0930,2))"
v2cand-5a4579f72ec9,b68c2086b87641a2f5d098f4,e35600970f209acacb98c0c3,a09120527c96e1ad160987c1,phase3aa_event_0006_phase3ae_brepair_v1_00006,phase3aj_selector_rounds1_2_20260606,phase3ae_bounded_repair_feature_layer,event_derived_feature_layer,limit_event_sentiment,fengdan_rate,"CSRank(Delta($evt_limit_fengdan_rate_last_by_0930,2))"
phase3ad_new_data:2ee882ddafa0b87a,1a9aa2b08ec2406f02b0dcb4,c2641d9cf33f9f7b5b3ead56,1781c2099b6900d220e900f6,phase3aa_event_0007_phase3ad_newdata_fundamental_fixed_asset_intensity_00007,phase3aj_selector_rounds1_2_20260606,cn_phase3ad_new_data_feature_layer,fundamental_pit_feature_layer,,,"CSRank(Div($ctx_fulla_bs_fixed_asset,Add(Abs($ctx_fulla_bs_total_assets),0.000001)))"
v2cand-c14626acb4ac,3d51231fbfc7523b9b6891b7,33ffcbf5f3dab6333c8a2cfa,a09120527c96e1ad160987c1,phase3aa_event_0007_phase3ae_brepair_v1_00007,phase3aj_selector_rounds1_2_20260606,phase3ae_bounded_repair_feature_layer,event_derived_feature_layer,limit_event_sentiment,fengdan_rate,"CSRank(Mean($evt_limit_fengdan_rate_last_by_0930,3))"
phase3ad_new_data:c898b1a8440e5f6f,32b859ffe0608444df8b3f7a,0af4ff3c96abef1e68af5d17,97736f6c96eb323640a37901,phase3aa_event_0008_phase3ad_newdata_fundamental_intangible_asset_inverse_00008,phase3aj_selector_rounds1_2_20260606,cn_phase3ad_new_data_feature_layer,fundamental_pit_feature_layer,,,"CSRank(Neg(Div($ctx_fulla_bs_intangible_asset,Add(Abs($ctx_fulla_bs_total_assets),0.000001))))"
v2cand-1f150c662021,f298bd4425965f19b11e204c,e35600970f209acacb98c0c3,a09120527c96e1ad160987c1,phase3aa_event_0008_phase3ae_brepair_v1_00008,phase3aj_selector_rounds1_2_20260606,phase3ae_bounded_repair_feature_layer,event_derived_feature_layer,limit_event_sentiment,fengdan_rate,"CSRank(Delta($evt_limit_fengdan_rate_last_by_0930,3))"
v2cand-4a0a9f30497b,2993542f84f6fb20726e5e36,33ffcbf5f3dab6333c8a2cfa,059fc2c79128ab35c76ed06b,phase3aa_event_0013_phase3ae_brepair_v1_00013,phase3aj_selector_rounds1_2_20260606,phase3ae_bounded_repair_feature_layer,event_derived_feature_layer,limit_event_sentiment,fengdan_rate,"CSRank(Mean($evt_limit_fengdan_rate_last_by_0935,2))"
v2cand-e00b0f5c1119,2861248ac8bbcb414a56f34a,e35600970f209acacb98c0c3,059fc2c79128ab35c76ed06b,phase3aa_event_0014_phase3ae_brepair_v1_00014,phase3aj_selector_rounds1_2_20260606,phase3ae_bounded_repair_feature_layer,event_derived_feature_layer,limit_event_sentiment,fengdan_rate,"CSRank(Delta($evt_limit_fengdan_rate_last_by_0935,2))"
phase3ad_new_data:3ae7eb9d57f925ef,2bb91cdd8984ffedf2774382,0af4ff3c96abef1e68af5d17,93c11c0dd170e17cf04547d8,phase3aa_event_0015_phase3ad_newdata_fundamental_manage_expense_intensity_inverse_00015,phase3aj_selector_rounds1_2_20260606,cn_phase3ad_new_data_feature_layer,fundamental_pit_feature_layer,,,"CSRank(Neg(Div($ctx_fulla_ps_manage_expense,Add(Abs($ctx_fulla_ps_total_operate_income),0.000001))))"
v2cand-d99da8e54790,15620a9faaa0580138702ce8,33ffcbf5f3dab6333c8a2cfa,059fc2c79128ab35c76ed06b,phase3aa_event_0015_phase3ae_brepair_v1_00015,phase3aj_selector_rounds1_2_20260606,phase3ae_bounded_repair_feature_layer,event_derived_feature_layer,limit_event_sentiment,fengdan_rate,"CSRank(Mean($evt_limit_fengdan_rate_last_by_0935,3))"
phase3ad_new_data:f295c5156acef66f,3599169a3517a1387ea12458,c2641d9cf33f9f7b5b3ead56,872b7850303984d6baf2302a,phase3aa_event_0016_phase3ad_newdata_fundamental_research_intensity_00016,phase3aj_selector_rounds1_2_20260606,cn_phase3ad_new_data_feature_layer,fundamental_pit_feature_layer,,,"CSRank(Div($ctx_fulla_ps_research_expense,Add(Abs($ctx_fulla_ps_total_operate_income),0.000001)))"
v2cand-09ad8702ca6c,0b9ab1099e8879f2b516800e,e35600970f209acacb98c0c3,059fc2c79128ab35c76ed06b,phase3aa_event_0016_phase3ae_brepair_v1_00016,phase3aj_selector_rounds1_2_20260606,phase3ae_bounded_repair_feature_layer,event_derived_feature_layer,limit_event_sentiment,fengdan_rate,"CSRank(Delta($evt_limit_fengdan_rate_last_by_0935,3))"
phase3ad_new_data:c7eee83476df4bba,86f2ae89df8be3e4519c7f6c,0af4ff3c96abef1e68af5d17,1fef8bafb98f87acf64651c1,phase3aa_event_0017_phase3ad_newdata_fundamental_finance_expense_inverse_00017,phase3aj_selector_rounds1_2_20260606,cn_phase3ad_new_data_feature_layer,fundamental_pit_feature_layer,,,"CSRank(Neg(Div($ctx_fulla_ps_finance_expense,Add(Abs($ctx_fulla_ps_total_operate_income),0.000001))))"
v2cand-b03394ff9da0,547797a25d3cce9d0f9ece5e,b9e0eda354dd3f1d16704524,8c1d688756e2f67796c06a53,phase3aa_event_0017_phase3ae_brepair_v1_00017,phase3aj_selector_rounds1_2_20260606,phase3ae_bounded_repair_feature_layer,event_derived_feature_layer,limit_event_sentiment,fengdan_rate,CSRank($evt_limit_fengdan_rate_last_by_1000)
phase3ad_new_data:f2f48fee91daee84,a92eb1f2cea334ad1da6c5c3,b9e0eda354dd3f1d16704524,8b0b2d1963c2af3082fc034a,phase3aa_event_0019_phase3ad_newdata_fundamental_yoy_operate_profit_yoy_00019,phase3aj_selector_rounds1_2_20260606,cn_phase3ad_new_data_feature_layer,fundamental_pit_feature_layer,,,CSRank($ctx_fulla_ps_operate_profit_yoy)
phase3ad_new_data:f431442a2defa271,cafdd2abe8dbf947d8329399,b9e0eda354dd3f1d16704524,ba7824fb6ef9c818f7ef3c4f,phase3aa_event_0021_phase3ad_newdata_fundamental_yoy_parent_netprofit_yoy_00021,phase3aj_selector_rounds1_2_20260606,cn_phase3ad_new_data_feature_layer,fundamental_pit_feature_layer,,,CSRank($ctx_fulla_ps_parent_netprofit_yoy)
v2cand-7c6c24796086,28437d6683bb144458a4fd17,e35600970f209acacb98c0c3,8c1d688756e2f67796c06a53,phase3aa_event_0022_phase3ae_brepair_v1_00022,phase3aj_selector_rounds1_2_20260606,phase3ae_bounded_repair_feature_layer,event_derived_feature_layer,limit_event_sentiment,fengdan_rate,"CSRank(Delta($evt_limit_fengdan_rate_last_by_1000,2))"
phase3ad_new_data:f4c7a55451c17391,3c756e153644889e5f0482d1,3e4e7a619207cf13e039acfd,9396e12451752dbf8d345643,phase3aa_event_0023_phase3ad_newdata_fundamental_yoy_total_liabilities_yoy_00023,phase3aj_selector_rounds1_2_20260606,cn_phase3ad_new_data_feature_layer,fundamental_pit_feature_layer,,,CSRank(Neg($ctx_fulla_bs_total_liabilities_yoy))
v2cand-e19a6b2026cf,5b6e8cbaa76996c11e76f87c,33ffcbf5f3dab6333c8a2cfa,8c1d688756e2f67796c06a53,phase3aa_event_0023_phase3ae_brepair_v1_00023,phase3aj_selector_rounds1_2_20260606,phase3ae_bounded_repair_feature_layer,event_derived_feature_layer,limit_event_sentiment,fengdan_rate,"CSRank(Mean($evt_limit_fengdan_rate_last_by_1000,3))"
phase3ad_new_data:3d4318d41c2daf9e,0bca9d236b118b22d5ccf29e,3e4e7a619207cf13e039acfd,efd9e8feeec057d05d5ba5e4,phase3aa_event_0024_phase3ad_newdata_fundamental_yoy_goodwill_yoy_00024,phase3aj_selector_rounds1_2_20260606,cn_phase3ad_new_data_feature_layer,fundamental_pit_feature_layer,,,CSRank(Neg($ctx_fulla_bs_goodwill_yoy))
v2cand-5b8c0d55217c,ae3814b174770c007f3dceed,e35600970f209acacb98c0c3,8c1d688756e2f67796c06a53,phase3aa_event_0024_phase3ae_brepair_v1_00024,phase3aj_selector_rounds1_2_20260606,phase3ae_bounded_repair_feature_layer,event_derived_feature_layer,limit_event_sentiment,fengdan_rate,"CSRank(Delta($evt_limit_fengdan_rate_last_by_1000,3))"
v2cand-d6e1dd5bb27a,364b7375b83bd95b5719825d,b9e0eda354dd3f1d16704524,a1a7fed30e022a3a802d8cb6,phase3aa_event_0025_phase3ae_brepair_v1_00025,phase3aj_selector_rounds1_2_20260606,phase3ae_bounded_repair_feature_layer,event_derived_feature_layer,limit_event_sentiment,fengdan_rate,CSRank($evt_limit_fengdan_rate_last_by_1130)
phase3ad_new_data:a19bfdc563bdf83e,9bc8eccbc2d03f3b6b27c5a4,12439f464ba86a17b76a8cab,15bdd77cb2e19bd285f3fddf,phase3aa_event_0027_phase3ad_newdata_sentiment_downlimit_pressure_inverse_00033,phase3aj_selector_rounds1_2_20260606,cn_phase3ad_new_data_feature_layer,event_derived_feature_layer,,,"CSRank(Neg(Div($ctx_sent_downlimit_num,Add(Abs(Add(Add($ctx_sent_up_num,$ctx_sent_down_num),0.000001)),0.000001))))"
phase3ad_new_data:e0cfda76f93c5bdf,212398254d26a38c245249d1,e47632b4b47c335a360c5e10,4f771b5d365a7882ad623dc8,phase3aa_event_0028_phase3ad_newdata_sentiment_board_continuation_ratio_00034,phase3aj_selector_rounds1_2_20260606,cn_phase3ad_new_data_feature_layer,event_derived_feature_layer,,,"CSRank(Div(Add($ctx_sent_lb_2_num,Mul(2.0,$ctx_sent_lb_3_num)),Add(Abs($ctx_sent_uplimit_num),0.000001)))"
v2cand-4557eecaecc6,3600971409381344f5d4d2e0,33ffcbf5f3dab6333c8a2cfa,a1a7fed30e022a3a802d8cb6,phase3aa_event_0029_phase3ae_brepair_v1_00029,phase3aj_selector_rounds1_2_20260606,phase3ae_bounded_repair_feature_layer,event_derived_feature_layer,limit_event_sentiment,fengdan_rate,"CSRank(Mean($evt_limit_fengdan_rate_last_by_1130,2))"
v2cand-e5fb8cf66536,615dbd2aad6d083ea597ec92,e35600970f209acacb98c0c3,a1a7fed30e022a3a802d8cb6,phase3aa_event_0030_phase3ae_brepair_v1_00030,phase3aj_selector_rounds1_2_20260606,phase3ae_bounded_repair_feature_layer,event_derived_feature_layer,limit_event_sentiment,fengdan_rate,"CSRank(Delta($evt_limit_fengdan_rate_last_by_1130,2))"
v2cand-a92b69ffab89,ca408d81ae7cfb2ce4c63797,33ffcbf5f3dab6333c8a2cfa,a1a7fed30e022a3a802d8cb6,phase3aa_event_0031_phase3ae_brepair_v1_00031,phase3aj_selector_rounds1_2_20260606,phase3ae_bounded_repair_feature_layer,event_derived_feature_layer,limit_event_sentiment,fengdan_rate,"CSRank(Mean($evt_limit_fengdan_rate_last_by_1130,3))"
v2cand-20baa15389a7,c9f7ff507560ed8f51e2c37b,e35600970f209acacb98c0c3,a1a7fed30e022a3a802d8cb6,phase3aa_event_0032_phase3ae_brepair_v1_00032,phase3aj_selector_rounds1_2_20260606,phase3ae_bounded_repair_feature_layer,event_derived_feature_layer,limit_event_sentiment,fengdan_rate,"CSRank(Delta($evt_limit_fengdan_rate_last_by_1130,3))"
v2cand-a15641727e18,480831f5021aa78b586eca4e,33ffcbf5f3dab6333c8a2cfa,e651ef6663d94b967cece6b7,phase3aa_event_0037_phase3ae_brepair_v1_00037,phase3aj_selector_rounds1_2_20260606,phase3ae_bounded_repair_feature_layer,event_derived_feature_layer,flow_liquidity,fengdan_money,"CSRank(Mean($evt_limit_fengdan_money_last_by_0930,3))"
phase3ad_new_data:73ae0e2e868f4ba0,c6f51134de1a99eee5fba03d,b9e0eda354dd3f1d16704524,5a1f034d93666afd1b21f5d5,phase3aa_event_0038_phase3ad_newdata_atomic_direct_rank_00076,phase3aj_selector_rounds1_2_20260606,cn_phase3ad_new_data_feature_layer,fundamental_pit_feature_layer,,,CSRank($ctx_fulla_bs_advance_receivables)
v2cand-f4edd573b9ba,3764ce36822946cbc23dd15f,e35600970f209acacb98c0c3,e651ef6663d94b967cece6b7,phase3aa_event_0038_phase3ae_brepair_v1_00038,phase3aj_selector_rounds1_2_20260606,phase3ae_bounded_repair_feature_layer,event_derived_feature_layer,flow_liquidity,fengdan_money,"CSRank(Delta($evt_limit_fengdan_money_last_by_0930,3))"
v2cand-1a06b875e099,b82bcdc6cb234e5a84daa835,33ffcbf5f3dab6333c8a2cfa,e651ef6663d94b967cece6b7,phase3aa_event_0039_phase3ae_brepair_v1_00039,phase3aj_selector_rounds1_2_20260606,phase3ae_bounded_repair_feature_layer,event_derived_feature_layer,flow_liquidity,fengdan_money,"CSRank(Mean($evt_limit_fengdan_money_last_by_0930,5))"
phase3ad_new_data:b34b5c24a862a209,b2e60207a661345b197acfa2,b9e0eda354dd3f1d16704524,2f58c0370795ad00d72d8d8d,phase3aa_event_0040_phase3ad_newdata_atomic_direct_rank_00094,phase3aj_selector_rounds1_2_20260606,cn_phase3ad_new_data_feature_layer,fundamental_pit_feature_layer,,,CSRank($ctx_fulla_bs_asset_balance)
v2cand-fe1bfdadde5a,3bf5ce65620ae9e65d8b57c6,e35600970f209acacb98c0c3,e651ef6663d94b967cece6b7,phase3aa_event_0040_phase3ae_brepair_v1_00040,phase3aj_selector_rounds1_2_20260606,phase3ae_bounded_repair_feature_layer,event_derived_feature_layer,flow_liquidity,fengdan_money,"CSRank(Delta($evt_limit_fengdan_money_last_by_0930,5))"
v2cand-fb5c354176a3,86e7bfa9b0777397ddd9a711,33ffcbf5f3dab6333c8a2cfa,e651ef6663d94b967cece6b7,phase3aa_event_0041_phase3ae_brepair_v1_00041,phase3aj_selector_rounds1_2_20260606,phase3ae_bounded_repair_feature_layer,event_derived_feature_layer,flow_liquidity,fengdan_money,"CSRank(Mean($evt_limit_fengdan_money_last_by_0930,10))"
v2cand-3d6cb859ee00,2f70e6dcaffbb0266dab1c8d,e35600970f209acacb98c0c3,e651ef6663d94b967cece6b7,phase3aa_event_0042_phase3ae_brepair_v1_00042,phase3aj_selector_rounds1_2_20260606,phase3ae_bounded_repair_feature_layer,event_derived_feature_layer,flow_liquidity,fengdan_money,"CSRank(Delta($evt_limit_fengdan_money_last_by_0930,10))"
v2cand-1589086bdc6c,e20d39c497318591db16ba83,33ffcbf5f3dab6333c8a2cfa,e651ef6663d94b967cece6b7,phase3aa_event_0043_phase3ae_brepair_v1_00043,phase3aj_selector_rounds1_2_20260606,phase3ae_bounded_repair_feature_layer,event_derived_feature_layer,flow_liquidity,fengdan_money,"CSRank(Mean($evt_limit_fengdan_money_last_by_0930,2))"
v2cand-b4fc298d5413,0bf00ee27030d8922a8bd3fb,e35600970f209acacb98c0c3,e651ef6663d94b967cece6b7,phase3aa_event_0044_phase3ae_brepair_v1_00044,phase3aj_selector_rounds1_2_20260606,phase3ae_bounded_repair_feature_layer,event_derived_feature_layer,flow_liquidity,fengdan_money,"CSRank(Delta($evt_limit_fengdan_money_last_by_0930,2))"
phase3ad_new_data:205d67bbfe24c892,f051f15d231f39b8481b5085,b9e0eda354dd3f1d16704524,bf2518bf3a8352b9d241ab20,phase3aa_event_0048_phase3ad_newdata_atomic_direct_rank_00114,phase3aj_selector_rounds1_2_20260606,cn_phase3ad_new_data_feature_layer,fundamental_pit_feature_layer,,,CSRank($ctx_fulla_bs_contract_asset)
v2cand-905fd114642c,bf200096e6873332446c0de2,9dc0579ac06ab21cc1d87d9c,4538a7beef702d8640e76e05,phase3aa_event_0048_phase3ae_brepair_v1_00048,phase3aj_selector_rounds1_2_20260606,phase3ae_bounded_repair_feature_layer,event_derived_feature_layer,flow_liquidity,fengdan_money,CSRank(ZScore($evt_limit_fengdan_money_last_by_0935))
v2cand-2339c6bc7931,9bd736e348ee8d5483be9877,33ffcbf5f3dab6333c8a2cfa,4538a7beef702d8640e76e05,phase3aa_event_0049_phase3ae_brepair_v1_00049,phase3aj_selector_rounds1_2_20260606,phase3ae_bounded_repair_feature_layer,event_derived_feature_layer,flow_liquidity,fengdan_money,"CSRank(Mean($evt_limit_fengdan_money_last_by_0935,3))"
v2cand-a0282fd396f0,dfd0e4387ea45b239e60d44b,e35600970f209acacb98c0c3,4538a7beef702d8640e76e05,phase3aa_event_0050_phase3ae_brepair_v1_00050,phase3aj_selector_rounds1_2_20260606,phase3ae_bounded_repair_feature_layer,event_derived_feature_layer,flow_liquidity,fengdan_money,"CSRank(Delta($evt_limit_fengdan_money_last_by_0935,3))"
v2cand-ad06cc090df5,18432d2c036f8c1a9a8a11fd,33ffcbf5f3dab6333c8a2cfa,4538a7beef702d8640e76e05,phase3aa_event_0051_phase3ae_brepair_v1_00051,phase3aj_selector_rounds1_2_20260606,phase3ae_bounded_repair_feature_layer,event_derived_feature_layer,flow_liquidity,fengdan_money,"CSRank(Mean($evt_limit_fengdan_money_last_by_0935,5))"
v2cand-7cfc3d958ef6,929723268466d4f10642b913,e35600970f209acacb98c0c3,4538a7beef702d8640e76e05,phase3aa_event_0052_phase3ae_brepair_v1_00052,phase3aj_selector_rounds1_2_20260606,phase3ae_bounded_repair_feature_layer,event_derived_feature_layer,flow_liquidity,fengdan_money,"CSRank(Delta($evt_limit_fengdan_money_last_by_0935,5))"
v2cand-20364aaa2fa4,d33ed7c31d183e864c6b0bea,33ffcbf5f3dab6333c8a2cfa,4538a7beef702d8640e76e05,phase3aa_event_0053_phase3ae_brepair_v1_00053,phase3aj_selector_rounds1_2_20260606,phase3ae_bounded_repair_feature_layer,event_derived_feature_layer,flow_liquidity,fengdan_money,"CSRank(Mean($evt_limit_fengdan_money_last_by_0935,10))"
v2cand-453151d2b0a9,4db6845e9802f6a0fcf74276,e35600970f209acacb98c0c3,4538a7beef702d8640e76e05,phase3aa_event_0054_phase3ae_brepair_v1_00054,phase3aj_selector_rounds1_2_20260606,phase3ae_bounded_repair_feature_layer,event_derived_feature_layer,flow_liquidity,fengdan_money,"CSRank(Delta($evt_limit_fengdan_money_last_by_0935,10))"
phase3ad_new_data:ef58cf8f6e110aab,cab0726cbf2ea5840f0a3803,b9e0eda354dd3f1d16704524,0db6c603ec8b2126ac753fc2,phase3aa_event_0056_phase3ad_newdata_atomic_direct_rank_00126,phase3aj_selector_rounds1_2_20260606,cn_phase3ad_new_data_feature_layer,fundamental_pit_feature_layer,,,CSRank($ctx_fulla_bs_current_liab_balance)
v2cand-0bd10ead471f,9b032fef7fb655cf5f77b356,e35600970f209acacb98c0c3,4538a7beef702d8640e76e05,phase3aa_event_0056_phase3ae_brepair_v1_00056,phase3aj_selector_rounds1_2_20260606,phase3ae_bounded_repair_feature_layer,event_derived_feature_layer,flow_liquidity,fengdan_money,"CSRank(Delta($evt_limit_fengdan_money_last_by_0935,2))"
v2cand-c9f74097c435,7eadb87e006a84c10a52f215,33ffcbf5f3dab6333c8a2cfa,3095c2a5a942a4bd5f928de1,phase3aa_event_0061_phase3ae_brepair_v1_00061,phase3aj_selector_rounds1_2_20260606,phase3ae_bounded_repair_feature_layer,event_derived_feature_layer,flow_liquidity,fengdan_money,"CSRank(Mean($evt_limit_fengdan_money_last_by_1000,3))"
v2cand-eb87509a7838,1cb603ff2c3103aa3e22cc5f,e35600970f209acacb98c0c3,3095c2a5a942a4bd5f928de1,phase3aa_event_0062_phase3ae_brepair_v1_00062,phase3aj_selector_rounds1_2_20260606,phase3ae_bounded_repair_feature_layer,event_derived_feature_layer,flow_liquidity,fengdan_money,"CSRank(Delta($evt_limit_fengdan_money_last_by_1000,3))"
v2cand-3894c89075df,74bf5bbac534e10983d8e6d1,33ffcbf5f3dab6333c8a2cfa,3095c2a5a942a4bd5f928de1,phase3aa_event_0063_phase3ae_brepair_v1_00063,phase3aj_selector_rounds1_2_20260606,phase3ae_bounded_repair_feature_layer,event_derived_feature_layer,flow_liquidity,fengdan_money,"CSRank(Mean($evt_limit_fengdan_money_last_by_1000,5))"
v2cand-37581f1b0d8b,7c28a7573348033bda7c83e1,e35600970f209acacb98c0c3,3095c2a5a942a4bd5f928de1,phase3aa_event_0064_phase3ae_brepair_v1_00064,phase3aj_selector_rounds1_2_20260606,phase3ae_bounded_repair_feature_layer,event_derived_feature_layer,flow_liquidity,fengdan_money,"CSRank(Delta($evt_limit_fengdan_money_last_by_1000,5))"
v2cand-3592d9d438c9,6f60606265cd571586cae187,33ffcbf5f3dab6333c8a2cfa,3095c2a5a942a4bd5f928de1,phase3aa_event_0065_phase3ae_brepair_v1_00065,phase3aj_selector_rounds1_2_20260606,phase3ae_bounded_repair_feature_layer,event_derived_feature_layer,flow_liquidity,fengdan_money,"CSRank(Mean($evt_limit_fengdan_money_last_by_1000,10))"
v2cand-b9e2ee136cc3,9908eb3a8509f218622fef7b,e35600970f209acacb98c0c3,3095c2a5a942a4bd5f928de1,phase3aa_event_0066_phase3ae_brepair_v1_00066,phase3aj_selector_rounds1_2_20260606,phase3ae_bounded_repair_feature_layer,event_derived_feature_layer,flow_liquidity,fengdan_money,"CSRank(Delta($evt_limit_fengdan_money_last_by_1000,10))"
v2cand-606a1c69d76a,0c01d6ed397ec1026c57fedb,33ffcbf5f3dab6333c8a2cfa,3095c2a5a942a4bd5f928de1,phase3aa_event_0067_phase3ae_brepair_v1_00067,phase3aj_selector_rounds1_2_20260606,phase3ae_bounded_repair_feature_layer,event_derived_feature_layer,flow_liquidity,fengdan_money,"CSRank(Mean($evt_limit_fengdan_money_last_by_1000,2))"
phase3ad_new_data:55a0ae75aafa4343,6f43e8e1841da1c889ce0b9f,b9e0eda354dd3f1d16704524,e5aa1962c0ad88da1407e1e6,phase3aa_event_0068_phase3ad_newdata_atomic_direct_rank_00142,phase3aj_selector_rounds1_2_20260606,cn_phase3ad_new_data_feature_layer,fundamental_pit_feature_layer,,,CSRank($ctx_fulla_bs_develop_expense)
v2cand-2e7bac59ef76,54cd2bd5d64d713665bb4318,e35600970f209acacb98c0c3,3095c2a5a942a4bd5f928de1,phase3aa_event_0068_phase3ae_brepair_v1_00068,phase3aj_selector_rounds1_2_20260606,phase3ae_bounded_repair_feature_layer,event_derived_feature_layer,flow_liquidity,fengdan_money,"CSRank(Delta($evt_limit_fengdan_money_last_by_1000,2))"
v2cand-7cc6c9aee8d9,1adec8aa7eeb7e71e765e98d,33ffcbf5f3dab6333c8a2cfa,1a05f505f707595b0cab9ccf,phase3aa_event_0073_phase3ae_brepair_v1_00073,phase3aj_selector_rounds1_2_20260606,phase3ae_bounded_repair_feature_layer,event_derived_feature_layer,flow_liquidity,fengdan_money,"CSRank(Mean($evt_limit_fengdan_money_last_by_1130,3))"
phase3ad_new_data:353df3fee28aa1a8,4d02a4a61d42348ae68cf683,b9e0eda354dd3f1d16704524,fc4606ae9da27b4392891c3c,phase3aa_event_0074_phase3ad_newdata_atomic_direct_rank_00152,phase3aj_selector_rounds1_2_20260606,cn_phase3ad_new_data_feature_layer,fundamental_pit_feature_layer,,,CSRank($ctx_fulla_bs_equity_balance)
v2cand-721693df2db5,7a8357738626d6088e9eec74,e35600970f209acacb98c0c3,1a05f505f707595b0cab9ccf,phase3aa_event_0074_phase3ae_brepair_v1_00074,phase3aj_selector_rounds1_2_20260606,phase3ae_bounded_repair_feature_layer,event_derived_feature_layer,flow_liquidity,fengdan_money,"CSRank(Delta($evt_limit_fengdan_money_last_by_1130,3))"
v2cand-3dd8e7259e70,c2950ffd8f11743a7739b80a,33ffcbf5f3dab6333c8a2cfa,1a05f505f707595b0cab9ccf,phase3aa_event_0075_phase3ae_brepair_v1_00075,phase3aj_selector_rounds1_2_20260606,phase3ae_bounded_repair_feature_layer,event_derived_feature_layer,flow_liquidity,fengdan_money,"CSRank(Mean($evt_limit_fengdan_money_last_by_1130,5))"
v2cand-4f4b407516c6,2318366090531657854f0214,e35600970f209acacb98c0c3,1a05f505f707595b0cab9ccf,phase3aa_event_0076_phase3ae_brepair_v1_00076,phase3aj_selector_rounds1_2_20260606,phase3ae_bounded_repair_feature_layer,event_derived_feature_layer,flow_liquidity,fengdan_money,"CSRank(Delta($evt_limit_fengdan_money_last_by_1130,5))"
v2cand-1494300d5889,3b409e0ea7102c7f3fa310d8,33ffcbf5f3dab6333c8a2cfa,1a05f505f707595b0cab9ccf,phase3aa_event_0077_phase3ae_brepair_v1_00077,phase3aj_selector_rounds1_2_20260606,phase3ae_bounded_repair_feature_layer,event_derived_feature_layer,flow_liquidity,fengdan_money,"CSRank(Mean($evt_limit_fengdan_money_last_by_1130,10))"
v2cand-e3874c7df9d2,b679809c429f60be1bf6eae1,e35600970f209acacb98c0c3,1a05f505f707595b0cab9ccf,phase3aa_event_0078_phase3ae_brepair_v1_00078,phase3aj_selector_rounds1_2_20260606,phase3ae_bounded_repair_feature_layer,event_derived_feature_layer,flow_liquidity,fengdan_money,"CSRank(Delta($evt_limit_fengdan_money_last_by_1130,10))"
phase3ad_new_data:2e09d94705305163,b924953ff03bbbd3c48c6368,b9e0eda354dd3f1d16704524,3832f26de677d39df8f2b6c7,phase3aa_event_0080_phase3ad_newdata_atomic_direct_rank_00178,phase3aj_selector_rounds1_2_20260606,cn_phase3ad_new_data_feature_layer,fundamental_pit_feature_layer,,,CSRank($ctx_fulla_bs_goodwill)
v2cand-c348f3a2344a,5b445e5e3601de7ee78a5bfb,e35600970f209acacb98c0c3,1a05f505f707595b0cab9ccf,phase3aa_event_0080_phase3ae_brepair_v1_00080,phase3aj_selector_rounds1_2_20260606,phase3ae_bounded_repair_feature_layer,event_derived_feature_layer,flow_liquidity,fengdan_money,"CSRank(Delta($evt_limit_fengdan_money_last_by_1130,2))"
v2cand-8bf0cd3eb1bf,1cc470b3fe7b9951216f1080,ac6b177ac5ee47c4847b2ac5,775bc684f29b1bf631087a93,phase3aa_event_0083_phase3ae_brepair_v1_00083,phase3aj_selector_rounds1_2_20260606,phase3ae_bounded_repair_feature_layer,research_factor_feature_layer,flow_liquidity,ACCUM_AMOUNT,"CSRank(Log(Add(Abs($ctx_billboard_accum_amount),1)))"
phase3ad_new_data:7f5110e9a17f9a70,563b78db98a6a657a461a35a,b9e0eda354dd3f1d16704524,da144ba1eb0e8ca0a11ed77b,phase3aa_event_0086_phase3ad_newdata_atomic_direct_rank_00192,phase3aj_selector_rounds1_2_20260606,cn_phase3ad_new_data_feature_layer,fundamental_pit_feature_layer,,,CSRank($ctx_fulla_bs_interest_rece)
v2cand-c897394ae9c1,cf756a23365f41d75c17753d,e35600970f209acacb98c0c3,775bc684f29b1bf631087a93,phase3aa_event_0086_phase3ae_brepair_v1_00086,phase3aj_selector_rounds1_2_20260606,phase3ae_bounded_repair_feature_layer,research_factor_feature_layer,flow_liquidity,ACCUM_AMOUNT,"CSRank(Delta($ctx_billboard_accum_amount,3))"
v2cand-6f0200e0776f,6acedacacf8b02a2215524a3,e35600970f209acacb98c0c3,775bc684f29b1bf631087a93,phase3aa_event_0088_phase3ae_brepair_v1_00088,phase3aj_selector_rounds1_2_20260606,phase3ae_bounded_repair_feature_layer,research_factor_feature_layer,flow_liquidity,ACCUM_AMOUNT,"CSRank(Delta($ctx_billboard_accum_amount,5))"
v2cand-ee1ec3cd52f0,4e532764c2c5caf0dab7034f,e35600970f209acacb98c0c3,775bc684f29b1bf631087a93,phase3aa_event_0090_phase3ae_brepair_v1_00090,phase3aj_selector_rounds1_2_20260606,phase3ae_bounded_repair_feature_layer,research_factor_feature_layer,flow_liquidity,ACCUM_AMOUNT,"CSRank(Delta($ctx_billboard_accum_amount,10))"
v2cand-ab0b54d09eb8,f9286680b3bd67aab9fbc956,b9e0eda354dd3f1d16704524,03fe102bedb0ea79e9a6b10f,phase3aa_event_0091_phase3ae_brepair_v1_00091,phase3aj_selector_rounds1_2_20260606,phase3ae_bounded_repair_feature_layer,research_factor_feature_layer,flow_liquidity,DEAL_AMOUNT_RATIO,CSRank($ctx_billboard_deal_amount_ratio)
v2cand-26ac630f6f1b,7e193ecf5c9fb6840db1e9bb,3e4e7a619207cf13e039acfd,03fe102bedb0ea79e9a6b10f,phase3aa_event_0092_phase3ae_brepair_v1_00092,phase3aj_selector_rounds1_2_20260606,phase3ae_bounded_repair_feature_layer,research_factor_feature_layer,flow_liquidity,DEAL_AMOUNT_RATIO,CSRank(Neg($ctx_billboard_deal_amount_ratio))
v2cand-f3fd096aad7e,f437c2ddbaa1730c07625bc4,ac6b177ac5ee47c4847b2ac5,03fe102bedb0ea79e9a6b10f,phase3aa_event_0093_phase3ae_brepair_v1_00093,phase3aj_selector_rounds1_2_20260606,phase3ae_bounded_repair_feature_layer,research_factor_feature_layer,flow_liquidity,DEAL_AMOUNT_RATIO,"CSRank(Log(Add(Abs($ctx_billboard_deal_amount_ratio),1)))"
v2cand-0daf6e071e50,4f3d8c6d487cd552969af3e8,e35600970f209acacb98c0c3,03fe102bedb0ea79e9a6b10f,phase3aa_event_0096_phase3ae_brepair_v1_00096,phase3aj_selector_rounds1_2_20260606,phase3ae_bounded_repair_feature_layer,research_factor_feature_layer,flow_liquidity,DEAL_AMOUNT_RATIO,"CSRank(Delta($ctx_billboard_deal_amount_ratio,3))"
v2cand-b23c99576ebe,1b49b39e0b04da07d4405628,e35600970f209acacb98c0c3,03fe102bedb0ea79e9a6b10f,phase3aa_event_0098_phase3ae_brepair_v1_00098,phase3aj_selector_rounds1_2_20260606,phase3ae_bounded_repair_feature_layer,research_factor_feature_layer,flow_liquidity,DEAL_AMOUNT_RATIO,"CSRank(Delta($ctx_billboard_deal_amount_ratio,5))"
phase3ad_new_data:8b6998cb813f635c,c4c90457ac23c23dcdcae726,b9e0eda354dd3f1d16704524,214320bd83717c7ee2abec02,phase3aa_event_0100_phase3ad_newdata_atomic_direct_rank_00222,phase3aj_selector_rounds1_2_20260606,cn_phase3ad_new_data_feature_layer,fundamental_pit_feature_layer,,,CSRank($ctx_fulla_bs_long_payable)
v2cand-26c4b23dd3c7,c5ec3347050305cf3628fb56,e35600970f209acacb98c0c3,03fe102bedb0ea79e9a6b10f,phase3aa_event_0100_phase3ae_brepair_v1_00100,phase3aj_selector_rounds1_2_20260606,phase3ae_bounded_repair_feature_layer,research_factor_feature_layer,flow_liquidity,DEAL_AMOUNT_RATIO,"CSRank(Delta($ctx_billboard_deal_amount_ratio,10))"
v2cand-5cdeab3c44eb,cee6f7c29d16c6dd5734c5bf,b9e0eda354dd3f1d16704524,53e0ac5285632e77e3c3bb61,phase3aa_event_0101_phase3ae_brepair_v1_00179,phase3aj_selector_rounds1_2_20260606,phase3ae_bounded_repair_feature_layer,research_factor_feature_layer,leverage_flow,RZYEZB,CSRank($ctx_rzrq_rzyezb)
v2cand-3b035559589a,0875a7a88f2bd606ea826ceb,ac6b177ac5ee47c4847b2ac5,53e0ac5285632e77e3c3bb61,phase3aa_event_0103_phase3ae_brepair_v1_00181,phase3aj_selector_rounds1_2_20260606,phase3ae_bounded_repair_feature_layer,research_factor_feature_layer,leverage_flow,RZYEZB,"CSRank(Log(Add(Abs($ctx_rzrq_rzyezb),1)))"
v2cand-d026fb06a494,21462c0676d04d0c2c6f79e0,9dc0579ac06ab21cc1d87d9c,53e0ac5285632e77e3c3bb61,phase3aa_event_0104_phase3ae_brepair_v1_00182,phase3aj_selector_rounds1_2_20260606,phase3ae_bounded_repair_feature_layer,research_factor_feature_layer,leverage_flow,RZYEZB,CSRank(ZScore($ctx_rzrq_rzyezb))
v2cand-404253059c48,1fde0bbc813502893d2a6d1b,e35600970f209acacb98c0c3,53e0ac5285632e77e3c3bb61,phase3aa_event_0106_phase3ae_brepair_v1_00184,phase3aj_selector_rounds1_2_20260606,phase3ae_bounded_repair_feature_layer,research_factor_feature_layer,leverage_flow,RZYEZB,"CSRank(Delta($ctx_rzrq_rzyezb,3))"
v2cand-79c648c97c5e,de4b2efe942d97cbe55eb095,e35600970f209acacb98c0c3,53e0ac5285632e77e3c3bb61,phase3aa_event_0108_phase3ae_brepair_v1_00186,phase3aj_selector_rounds1_2_20260606,phase3ae_bounded_repair_feature_layer,research_factor_feature_layer,leverage_flow,RZYEZB,"CSRank(Delta($ctx_rzrq_rzyezb,5))"
v2cand-5c8b8c564012,da4eaae41b4c08d46edb1ff9,e35600970f209acacb98c0c3,53e0ac5285632e77e3c3bb61,phase3aa_event_0110_phase3ae_brepair_v1_00188,phase3aj_selector_rounds1_2_20260606,phase3ae_bounded_repair_feature_layer,research_factor_feature_layer,leverage_flow,RZYEZB,"CSRank(Delta($ctx_rzrq_rzyezb,10))"
v2cand-30fa2536fdea,4f4a870b45d6dfe6a6854c24,b9e0eda354dd3f1d16704524,ab0d79a7a62596566f2179f4,phase3aa_event_0111_phase3ae_brepair_v1_00189,phase3aj_selector_rounds1_2_20260606,phase3ae_bounded_repair_feature_layer,research_factor_feature_layer,disclosure_event_flow,BILLBOARD_NET_AMT,CSRank($ctx_billboard_billboard_net_amt)
v2cand-b1821cdc7841,1ecfe30e7432194c860209b4,ac6b177ac5ee47c4847b2ac5,ab0d79a7a62596566f2179f4,phase3aa_event_0113_phase3ae_brepair_v1_00191,phase3aj_selector_rounds1_2_20260606,phase3ae_bounded_repair_feature_layer,research_factor_feature_layer,disclosure_event_flow,BILLBOARD_NET_AMT,"CSRank(Log(Add(Abs($ctx_billboard_billboard_net_amt),1)))"
phase3ad_new_data:342f3ab716a629c4,a05f3fda19160e78f55f967d,b9e0eda354dd3f1d16704524,176ac5af51e58ec5483f07b3,phase3aa_event_0114_phase3ad_newdata_atomic_direct_rank_00236,phase3aj_selector_rounds1_2_20260606,cn_phase3ad_new_data_feature_layer,fundamental_pit_feature_layer,,,CSRank($ctx_fulla_bs_noncurrent_asset_balance)
v2cand-d27f731f9f07,bea0f4ea80fc8c7c07536e38,e35600970f209acacb98c0c3,ab0d79a7a62596566f2179f4,phase3aa_event_0116_phase3ae_brepair_v1_00194,phase3aj_selector_rounds1_2_20260606,phase3ae_bounded_repair_feature_layer,research_factor_feature_layer,disclosure_event_flow,BILLBOARD_NET_AMT,"CSRank(Delta($ctx_billboard_billboard_net_amt,3))"
phase3ad_new_data:7bea8b09e17cbaaa,19898bc490162908955f4107,b9e0eda354dd3f1d16704524,354417d2dfd1a2851a3b9ef9,phase3aa_event_0118_phase3ad_newdata_atomic_direct_rank_00242,phase3aj_selector_rounds1_2_20260606,cn_phase3ad_new_data_feature_layer,fundamental_pit_feature_layer,,,CSRank($ctx_fulla_bs_noncurrent_liab_balance)
v2cand-c5c70a31307b,d11aee19369df75742dddc49,e35600970f209acacb98c0c3,ab0d79a7a62596566f2179f4,phase3aa_event_0118_phase3ae_brepair_v1_00196,phase3aj_selector_rounds1_2_20260606,phase3ae_bounded_repair_feature_layer,research_factor_feature_layer,disclosure_event_flow,BILLBOARD_NET_AMT,"CSRank(Delta($ctx_billboard_billboard_net_amt,5))"
v2cand-bfc65e3bf1a7,32588dcc6b4ce6b6bdabb938,e35600970f209acacb98c0c3,ab0d79a7a62596566f2179f4,phase3aa_event_0120_phase3ae_brepair_v1_00198,phase3aj_selector_rounds1_2_20260606,phase3ae_bounded_repair_feature_layer,research_factor_feature_layer,disclosure_event_flow,BILLBOARD_NET_AMT,"CSRank(Delta($ctx_billboard_billboard_net_amt,10))"
v2cand-070ba48447b8,68aef37a5d9fc3bf4ac27833,b9e0eda354dd3f1d16704524,1491fd2ebb3a8e91a0cb044b,phase3aa_event_0121_phase3ae_brepair_v1_00199,phase3aj_selector_rounds1_2_20260606,phase3ae_bounded_repair_feature_layer,research_factor_feature_layer,disclosure_event_flow,BILLBOARD_NET_AMT,CSRank($ctx_billboard_net_bs_amt)
v2cand-cf0f5a53fdb6,980895d1214dfd7c3ae7c525,ac6b177ac5ee47c4847b2ac5,1491fd2ebb3a8e91a0cb044b,phase3aa_event_0123_phase3ae_brepair_v1_00201,phase3aj_selector_rounds1_2_20260606,phase3ae_bounded_repair_feature_layer,research_factor_feature_layer,disclosure_event_flow,BILLBOARD_NET_AMT,"CSRank(Log(Add(Abs($ctx_billboard_net_bs_amt),1)))"
v2cand-726a2d5f5a93,32423ba322fea3717b61828e,9dc0579ac06ab21cc1d87d9c,1491fd2ebb3a8e91a0cb044b,phase3aa_event_0124_phase3ae_brepair_v1_00202,phase3aj_selector_rounds1_2_20260606,phase3ae_bounded_repair_feature_layer,research_factor_feature_layer,disclosure_event_flow,BILLBOARD_NET_AMT,CSRank(ZScore($ctx_billboard_net_bs_amt))
v2cand-4bcfa5f45463,5ccd517b76a85d88ecd9a80d,e35600970f209acacb98c0c3,1491fd2ebb3a8e91a0cb044b,phase3aa_event_0126_phase3ae_brepair_v1_00204,phase3aj_selector_rounds1_2_20260606,phase3ae_bounded_repair_feature_layer,research_factor_feature_layer,disclosure_event_flow,BILLBOARD_NET_AMT,"CSRank(Delta($ctx_billboard_net_bs_amt,3))"
phase3ad_new_data:afd02d0eabae1861,01f4fe7806471ccc8a80530b,b9e0eda354dd3f1d16704524,cda7753b350551834d9873c6,phase3aa_event_0128_phase3ad_newdata_atomic_direct_rank_00256,phase3aj_selector_rounds1_2_20260606,cn_phase3ad_new_data_feature_layer,fundamental_pit_feature_layer,,,CSRank($ctx_fulla_bs_other_compre_income)
v2cand-3e17cd1222c9,cb11ac8c432035a894f2db7c,e35600970f209acacb98c0c3,1491fd2ebb3a8e91a0cb044b,phase3aa_event_0128_phase3ae_brepair_v1_00206,phase3aj_selector_rounds1_2_20260606,phase3ae_bounded_repair_feature_layer,research_factor_feature_layer,disclosure_event_flow,BILLBOARD_NET_AMT,"CSRank(Delta($ctx_billboard_net_bs_amt,5))"
v2cand-52b1489d9705,0d25baad23b9a3482d2a0984,e35600970f209acacb98c0c3,1491fd2ebb3a8e91a0cb044b,phase3aa_event_0130_phase3ae_brepair_v1_00208,phase3aj_selector_rounds1_2_20260606,phase3ae_bounded_repair_feature_layer,research_factor_feature_layer,disclosure_event_flow,BILLBOARD_NET_AMT,"CSRank(Delta($ctx_billboard_net_bs_amt,10))"
v2cand-47b7665876ae,a8478d491fe6f981cf74947f,b9e0eda354dd3f1d16704524,ffaed8e9c0dfc46c65056047,phase3aa_event_0131_phase3ae_brepair_v1_00209,phase3aj_selector_rounds1_2_20260606,phase3ae_bounded_repair_feature_layer,research_factor_feature_layer,flow_liquidity,TURNOVERRATE,CSRank($ctx_billboard_turnoverrate)
v2cand-d39c942702e6,07effd0dbe9bcd2180d77e25,ac6b177ac5ee47c4847b2ac5,ffaed8e9c0dfc46c65056047,phase3aa_event_0133_phase3ae_brepair_v1_00211,phase3aj_selector_rounds1_2_20260606,phase3ae_bounded_repair_feature_layer,research_factor_feature_layer,flow_liquidity,TURNOVERRATE,"CSRank(Log(Add(Abs($ctx_billboard_turnoverrate),1)))"
phase3ad_new_data:42b8e91b95e377ea,84ac742c42c86d282f95bc3f,b9e0eda354dd3f1d16704524,bcf3ae9bce0aa3b8b96e45a5,phase3aa_event_0134_phase3ad_newdata_atomic_direct_rank_00264,phase3aj_selector_rounds1_2_20260606,cn_phase3ad_new_data_feature_layer,fundamental_pit_feature_layer,,,CSRank($ctx_fulla_bs_other_equity_invest)
v2cand-8fb51cdddf8f,6ada8aa0192940a9c9664f8a,9dc0579ac06ab21cc1d87d9c,ffaed8e9c0dfc46c65056047,phase3aa_event_0134_phase3ae_brepair_v1_00212,phase3aj_selector_rounds1_2_20260606,phase3ae_bounded_repair_feature_layer,research_factor_feature_layer,flow_liquidity,TURNOVERRATE,CSRank(ZScore($ctx_billboard_turnoverrate))
v2cand-2923aeb29737,ea9037eb7e715d388bcdc699,e35600970f209acacb98c0c3,ffaed8e9c0dfc46c65056047,phase3aa_event_0136_phase3ae_brepair_v1_00214,phase3aj_selector_rounds1_2_20260606,phase3ae_bounded_repair_feature_layer,research_factor_feature_layer,flow_liquidity,TURNOVERRATE,"CSRank(Delta($ctx_billboard_turnoverrate,3))"
v2cand-1a6177152c58,f04cf03e4e6ebcdae2a0a124,e35600970f209acacb98c0c3,ffaed8e9c0dfc46c65056047,phase3aa_event_0138_phase3ae_brepair_v1_00216,phase3aj_selector_rounds1_2_20260606,phase3ae_bounded_repair_feature_layer,research_factor_feature_layer,flow_liquidity,TURNOVERRATE,"CSRank(Delta($ctx_billboard_turnoverrate,5))"
v2cand-434b7218fb0e,5b3c418c84ce205ae6081d2d,e35600970f209acacb98c0c3,ffaed8e9c0dfc46c65056047,phase3aa_event_0140_phase3ae_brepair_v1_00218,phase3aj_selector_rounds1_2_20260606,phase3ae_bounded_repair_feature_layer,research_factor_feature_layer,flow_liquidity,TURNOVERRATE,"CSRank(Delta($ctx_billboard_turnoverrate,10))"
v2cand-ce143405d835,0096c7cdbccf6bf0d2544fb1,ac6b177ac5ee47c4847b2ac5,2566d79b1f449c74850ff527,phase3aa_event_0143_phase3ae_brepair_v1_00221,phase3aj_selector_rounds1_2_20260606,phase3ae_bounded_repair_feature_layer,event_derived_feature_layer,capacity_size,CHANGE_SHARES,"CSRank(Log(Add(Abs($ctx_holder_change_shares),1)))"
phase3ad_new_data:e6ebda246a546371,75c92833c8c14bf2f4ad2da4,b9e0eda354dd3f1d16704524,b2fb4974e8fb2e88b496e142,phase3aa_event_0144_phase3ad_newdata_atomic_direct_rank_00280,phase3aj_selector_rounds1_2_20260606,cn_phase3ad_new_data_feature_layer,fundamental_pit_feature_layer,,,CSRank($ctx_fulla_bs_parent_equity_balance)
v2cand-ea8c9cb6e853,b27f2866e29bd2c3788cd365,e5cf403e4bca5ad58e9ce6bb,2566d79b1f449c74850ff527,phase3aa_event_0145_phase3ae_brepair_v1_00223,phase3aj_selector_rounds1_2_20260606,phase3ae_bounded_repair_feature_layer,event_derived_feature_layer,capacity_size,CHANGE_SHARES,"CSRank(Neg(Mean($ctx_holder_change_shares,5)))"
v2cand-f7205a1e6b89,1f60de955df9004540ba39e2,e5cf403e4bca5ad58e9ce6bb,2566d79b1f449c74850ff527,phase3aa_event_0146_phase3ae_brepair_v1_00224,phase3aj_selector_rounds1_2_20260606,phase3ae_bounded_repair_feature_layer,event_derived_feature_layer,capacity_size,CHANGE_SHARES,"CSRank(Neg(Mean($ctx_holder_change_shares,20)))"
v2cand-d0aafb595d9a,a87707adc8ed219fb10d2b27,b9e0eda354dd3f1d16704524,e5689aaa8a0c43975da8e315,phase3aa_event_0153_phase3ae_brepair_v1_00231,phase3aj_selector_rounds1_2_20260606,phase3ae_bounded_repair_feature_layer,research_factor_feature_layer,leverage_flow,SPJ,CSRank($ctx_rzrq_spj)
v2cand-851d5cdcd754,ccbae884a9c426ff0ad25010,ac6b177ac5ee47c4847b2ac5,e5689aaa8a0c43975da8e315,phase3aa_event_0155_phase3ae_brepair_v1_00233,phase3aj_selector_rounds1_2_20260606,phase3ae_bounded_repair_feature_layer,research_factor_feature_layer,leverage_flow,SPJ,"CSRank(Log(Add(Abs($ctx_rzrq_spj),1)))"
v2cand-413cc0051b8c,84f56dbcd6171f55bc77fb36,e35600970f209acacb98c0c3,e5689aaa8a0c43975da8e315,phase3aa_event_0158_phase3ae_brepair_v1_00236,phase3aj_selector_rounds1_2_20260606,phase3ae_bounded_repair_feature_layer,research_factor_feature_layer,leverage_flow,SPJ,"CSRank(Delta($ctx_rzrq_spj,3))"
v2cand-4549156ea52a,4bea320e1493acdcf561e88f,e35600970f209acacb98c0c3,e5689aaa8a0c43975da8e315,phase3aa_event_0160_phase3ae_brepair_v1_00238,phase3aj_selector_rounds1_2_20260606,phase3ae_bounded_repair_feature_layer,research_factor_feature_layer,leverage_flow,SPJ,"CSRank(Delta($ctx_rzrq_spj,5))"
v2cand-5284f491790f,3e99ab60a2fb36e1df40c93b,33ffcbf5f3dab6333c8a2cfa,e5689aaa8a0c43975da8e315,phase3aa_event_0161_phase3ae_brepair_v1_00239,phase3aj_selector_rounds1_2_20260606,phase3ae_bounded_repair_feature_layer,research_factor_feature_layer,leverage_flow,SPJ,"CSRank(Mean($ctx_rzrq_spj,10))"
v2cand-70e91f5b5a35,4c826790daaea3aa462e1ce4,e35600970f209acacb98c0c3,e5689aaa8a0c43975da8e315,phase3aa_event_0162_phase3ae_brepair_v1_00240,phase3aj_selector_rounds1_2_20260606,phase3ae_bounded_repair_feature_layer,research_factor_feature_layer,leverage_flow,SPJ,"CSRank(Delta($ctx_rzrq_spj,10))"
v2cand-6edd8e74613f,a2ebcde9356e7422116fcd54,b9e0eda354dd3f1d16704524,2e6c81a35644f04278f2fc6c,phase3aa_event_0163_phase3ae_brepair_v1_00241,phase3aj_selector_rounds1_2_20260606,phase3ae_bounded_repair_feature_layer,research_factor_feature_layer,leverage_flow,ZDF,CSRank($ctx_rzrq_zdf)
v2cand-4575ec9a1939,2020a02ea32e1fd70e223acf,3e4e7a619207cf13e039acfd,2e6c81a35644f04278f2fc6c,phase3aa_event_0164_phase3ae_brepair_v1_00242,phase3aj_selector_rounds1_2_20260606,phase3ae_bounded_repair_feature_layer,research_factor_feature_layer,leverage_flow,ZDF,CSRank(Neg($ctx_rzrq_zdf))
v2cand-809223982ecd,bfc059f2ae41711a5c72a89a,ac6b177ac5ee47c4847b2ac5,2e6c81a35644f04278f2fc6c,phase3aa_event_0165_phase3ae_brepair_v1_00243,phase3aj_selector_rounds1_2_20260606,phase3ae_bounded_repair_feature_layer,research_factor_feature_layer,leverage_flow,ZDF,"CSRank(Log(Add(Abs($ctx_rzrq_zdf),1)))"
v2cand-943bcb970f2f,7c49ce92992fb748c8fa8c03,9dc0579ac06ab21cc1d87d9c,2e6c81a35644f04278f2fc6c,phase3aa_event_0166_phase3ae_brepair_v1_00244,phase3aj_selector_rounds1_2_20260606,phase3ae_bounded_repair_feature_layer,research_factor_feature_layer,leverage_flow,ZDF,CSRank(ZScore($ctx_rzrq_zdf))
v2cand-d69580b03dc8,eaa60ee34807f6d496e8390e,33ffcbf5f3dab6333c8a2cfa,2e6c81a35644f04278f2fc6c,phase3aa_event_0167_phase3ae_brepair_v1_00245,phase3aj_selector_rounds1_2_20260606,phase3ae_bounded_repair_feature_layer,research_factor_feature_layer,leverage_flow,ZDF,"CSRank(Mean($ctx_rzrq_zdf,3))"
v2cand-10a978238ec8,a2f0f1b283129eb8cfdcc78f,e35600970f209acacb98c0c3,2e6c81a35644f04278f2fc6c,phase3aa_event_0168_phase3ae_brepair_v1_00246,phase3aj_selector_rounds1_2_20260606,phase3ae_bounded_repair_feature_layer,research_factor_feature_layer,leverage_flow,ZDF,"CSRank(Delta($ctx_rzrq_zdf,3))"
v2cand-7af921b74f3b,389a776998af65b39d9f3062,33ffcbf5f3dab6333c8a2cfa,2e6c81a35644f04278f2fc6c,phase3aa_event_0169_phase3ae_brepair_v1_00247,phase3aj_selector_rounds1_2_20260606,phase3ae_bounded_repair_feature_layer,research_factor_feature_layer,leverage_flow,ZDF,"CSRank(Mean($ctx_rzrq_zdf,5))"
v2cand-350e0b4aa8d1,afc30b2a093422713fbad32b,e35600970f209acacb98c0c3,2e6c81a35644f04278f2fc6c,phase3aa_event_0170_phase3ae_brepair_v1_00248,phase3aj_selector_rounds1_2_20260606,phase3ae_bounded_repair_feature_layer,research_factor_feature_layer,leverage_flow,ZDF,"CSRank(Delta($ctx_rzrq_zdf,5))"
v2cand-1f9643ac4809,1fcba00be7657a10bc6bd003,33ffcbf5f3dab6333c8a2cfa,2e6c81a35644f04278f2fc6c,phase3aa_event_0171_phase3ae_brepair_v1_00249,phase3aj_selector_rounds1_2_20260606,phase3ae_bounded_repair_feature_layer,research_factor_feature_layer,leverage_flow,ZDF,"CSRank(Mean($ctx_rzrq_zdf,10))"
v2cand-7938292e81d1,30a3dd327f883d0efc16811e,e35600970f209acacb98c0c3,2e6c81a35644f04278f2fc6c,phase3aa_event_0172_phase3ae_brepair_v1_00250,phase3aj_selector_rounds1_2_20260606,phase3ae_bounded_repair_feature_layer,research_factor_feature_layer,leverage_flow,ZDF,"CSRank(Delta($ctx_rzrq_zdf,10))"
v2cand-916179569d54,a9011f5411a0f16262c7c8d2,b9e0eda354dd3f1d16704524,0f2522b025ade1be392cad71,phase3aa_event_0173_phase3ae_brepair_v1_00271,phase3aj_selector_rounds1_2_20260606,phase3ae_bounded_repair_feature_layer,research_factor_feature_layer,disclosure_event_flow,BILLBOARD_BUY_AMT,CSRank($ctx_billboard_billboard_buy_amt)
v2cand-dc5d4ec3c00d,ea85499e8c6b154f630fb590,e35600970f209acacb98c0c3,0f2522b025ade1be392cad71,phase3aa_event_0178_phase3ae_brepair_v1_00276,phase3aj_selector_rounds1_2_20260606,phase3ae_bounded_repair_feature_layer,research_factor_feature_layer,disclosure_event_flow,BILLBOARD_BUY_AMT,"CSRank(Delta($ctx_billboard_billboard_buy_amt,3))"
v2cand-35146482dd18,20e3d35266911f174861c0d8,e35600970f209acacb98c0c3,0f2522b025ade1be392cad71,phase3aa_event_0180_phase3ae_brepair_v1_00278,phase3aj_selector_rounds1_2_20260606,phase3ae_bounded_repair_feature_layer,research_factor_feature_layer,disclosure_event_flow,BILLBOARD_BUY_AMT,"CSRank(Delta($ctx_billboard_billboard_buy_amt,5))"
v2cand-c11c5fcda2c2,8a99628ceda9d10ae8b29303,e35600970f209acacb98c0c3,0f2522b025ade1be392cad71,phase3aa_event_0182_phase3ae_brepair_v1_00280,phase3aj_selector_rounds1_2_20260606,phase3ae_bounded_repair_feature_layer,research_factor_feature_layer,disclosure_event_flow,BILLBOARD_BUY_AMT,"CSRank(Delta($ctx_billboard_billboard_buy_amt,10))"
v2cand-3d0bed9c1a7e,65360dd53072dc259bb23ff8,e35600970f209acacb98c0c3,a52d85774ed61e6129db0296,phase3aa_event_0188_phase3ae_brepair_v1_00286,phase3aj_selector_rounds1_2_20260606,phase3ae_bounded_repair_feature_layer,research_factor_feature_layer,disclosure_event_flow,BILLBOARD_DEAL_AMT,"CSRank(Delta($ctx_billboard_billboard_deal_amt,3))"
phase3ad_new_data:bc629ebf40621964,94ad223e7da6b939c62c4119,b9e0eda354dd3f1d16704524,3913938bbf73d113fb5f2ae3,phase3aa_event_0190_phase3ad_newdata_atomic_direct_rank_00364,phase3aj_selector_rounds1_2_20260606,cn_phase3ad_new_data_feature_layer,fundamental_pit_feature_layer,,,CSRank($ctx_fulla_bs_treasury_shares)
v2cand-dfec51fc54e0,a9214b7962423ef7dbe3439d,e35600970f209acacb98c0c3,a52d85774ed61e6129db0296,phase3aa_event_0190_phase3ae_brepair_v1_00288,phase3aj_selector_rounds1_2_20260606,phase3ae_bounded_repair_feature_layer,research_factor_feature_layer,disclosure_event_flow,BILLBOARD_DEAL_AMT,"CSRank(Delta($ctx_billboard_billboard_deal_amt,5))"
v2cand-f8f580deb050,92cb4ae91654bfcf10757352,e35600970f209acacb98c0c3,a52d85774ed61e6129db0296,phase3aa_event_0192_phase3ae_brepair_v1_00290,phase3aj_selector_rounds1_2_20260606,phase3ae_bounded_repair_feature_layer,research_factor_feature_layer,disclosure_event_flow,BILLBOARD_DEAL_AMT,"CSRank(Delta($ctx_billboard_billboard_deal_amt,10))"
phase3ad_new_data:cef296cc78a60d07,5d4927477582a061e1dca5d5,b9e0eda354dd3f1d16704524,057a33b28eabb30def8893ca,phase3aa_event_0196_phase3ad_newdata_atomic_direct_rank_00374,phase3aj_selector_rounds1_2_20260606,cn_phase3ad_new_data_feature_layer,fundamental_pit_feature_layer,,,CSRank($ctx_fulla_bs_accounts_payable_yoy)
phase3ad_new_data:4791d6dd262e1795,ede5b65c1a6603609b0ad809,b9e0eda354dd3f1d16704524,3ddbc84aa7eba911e7a4297e,phase3aa_event_0200_phase3ad_newdata_atomic_direct_rank_00380,phase3aj_selector_rounds1_2_20260606,cn_phase3ad_new_data_feature_layer,fundamental_pit_feature_layer,,,CSRank($ctx_fulla_bs_advance_receivables_yoy)
phase3ad_new_data:f9d0a0b7d4f74a1e,c8cd11fe7a0e1f08536b2bb5,3e4e7a619207cf13e039acfd,3ddbc84aa7eba911e7a4297e,phase3aa_event_0201_phase3ad_newdata_atomic_inverse_rank_00381,phase3aj_selector_rounds1_2_20260606,cn_phase3ad_new_data_feature_layer,fundamental_pit_feature_layer,,,CSRank(Neg($ctx_fulla_bs_advance_receivables_yoy))
phase3ad_new_data:ecb0b6f7adc8eeac,0a628d7259f7e19c490883bc,b9e0eda354dd3f1d16704524,782dfedfc76183c8cad705c0,phase3aa_event_0202_phase3ad_newdata_atomic_direct_rank_00406,phase3aj_selector_rounds1_2_20260606,cn_phase3ad_new_data_feature_layer,fundamental_pit_feature_layer,,,CSRank($ctx_fulla_bs_bond_payable_yoy)
phase3ad_new_data:e8276a993c919632,ac771e230c2cc86193fd5b6a,b9e0eda354dd3f1d16704524,d5b7efd9a585d53d7aa4fbd4,phase3aa_event_0206_phase3ad_newdata_atomic_direct_rank_00414,phase3aj_selector_rounds1_2_20260606,cn_phase3ad_new_data_feature_layer,fundamental_pit_feature_layer,,,CSRank($ctx_fulla_bs_cip_yoy)
phase3ad_new_data:4c0c84ef7cfeacb3,4d625da4aab4543dd0515f1c,b9e0eda354dd3f1d16704524,0185bfc050d42ab44db8ff08,phase3aa_event_0208_phase3ad_newdata_atomic_direct_rank_00418,phase3aj_selector_rounds1_2_20260606,cn_phase3ad_new_data_feature_layer,fundamental_pit_feature_layer,,,CSRank($ctx_fulla_bs_contract_asset_yoy)
phase3ad_new_data:1ea6f05873bb85f5,af53854bb867df30ddee72f2,3e4e7a619207cf13e039acfd,0185bfc050d42ab44db8ff08,phase3aa_event_0209_phase3ad_newdata_atomic_inverse_rank_00419,phase3aj_selector_rounds1_2_20260606,cn_phase3ad_new_data_feature_layer,fundamental_pit_feature_layer,,,CSRank(Neg($ctx_fulla_bs_contract_asset_yoy))
phase3ad_new_data:bf92a3eb61e94578,c5277ff424d987e7de6ea426,b9e0eda354dd3f1d16704524,2493e4d743f5f00265ab114c,phase3aa_event_0210_phase3ad_newdata_atomic_direct_rank_00420,phase3aj_selector_rounds1_2_20260606,cn_phase3ad_new_data_feature_layer,fundamental_pit_feature_layer,,,CSRank($ctx_fulla_bs_contract_liab_yoy)
phase3ad_new_data:76c0ba311259e8c8,490eda0f2d2f8ac02a646a2f,b9e0eda354dd3f1d16704524,cce5abb9ae790cb374aa320a,phase3aa_event_0212_phase3ad_newdata_atomic_direct_rank_00436,phase3aj_selector_rounds1_2_20260606,cn_phase3ad_new_data_feature_layer,fundamental_pit_feature_layer,,,CSRank($ctx_fulla_bs_defer_income_yoy)
phase3ad_new_data:d82686ff46b157b2,0fffe879043dbf5cd926469d,b9e0eda354dd3f1d16704524,446e87b4436947814102d1a9,phase3aa_event_0214_phase3ad_newdata_atomic_direct_rank_00438,phase3aj_selector_rounds1_2_20260606,cn_phase3ad_new_data_feature_layer,fundamental_pit_feature_layer,,,CSRank($ctx_fulla_bs_defer_tax_asset_yoy)
phase3ad_new_data:328564491bb26297,73eaf42c6e5dc792c3c25974,b9e0eda354dd3f1d16704524,d37722d4fcc9a348689fa8c4,phase3aa_event_0216_phase3ad_newdata_atomic_direct_rank_00440,phase3aj_selector_rounds1_2_20260606,cn_phase3ad_new_data_feature_layer,fundamental_pit_feature_layer,,,CSRank($ctx_fulla_bs_defer_tax_liab_yoy)
phase3ad_new_data:472d4d9df8c72f4c,4859f91612c4ae890bc67afb,b9e0eda354dd3f1d16704524,de6e155d4b8c3bb699a4350a,phase3aa_event_0218_phase3ad_newdata_atomic_direct_rank_00446,phase3aj_selector_rounds1_2_20260606,cn_phase3ad_new_data_feature_layer,fundamental_pit_feature_layer,,,CSRank($ctx_fulla_bs_develop_expense_yoy)
phase3ad_new_data:f684eed6dc1d0818,44992c521d9ab4e2829529f2,3e4e7a619207cf13e039acfd,de6e155d4b8c3bb699a4350a,phase3aa_event_0219_phase3ad_newdata_atomic_inverse_rank_00447,phase3aj_selector_rounds1_2_20260606,cn_phase3ad_new_data_feature_layer,fundamental_pit_feature_layer,,,CSRank(Neg($ctx_fulla_bs_develop_expense_yoy))
phase3ad_new_data:5f299a764ad140d1,1a063ab8be43458f5abfd7d7,b9e0eda354dd3f1d16704524,c704c4d28bd64e270f7fd73c,phase3aa_event_0220_phase3ad_newdata_atomic_direct_rank_00452,phase3aj_selector_rounds1_2_20260606,cn_phase3ad_new_data_feature_layer,fundamental_pit_feature_layer,,,CSRank($ctx_fulla_bs_dividend_payable_yoy)
phase3ad_new_data:8107577c9a990971,f25ab01ec7ee8953c078f3a1,3e4e7a619207cf13e039acfd,c704c4d28bd64e270f7fd73c,phase3aa_event_0221_phase3ad_newdata_atomic_inverse_rank_00453,phase3aj_selector_rounds1_2_20260606,cn_phase3ad_new_data_feature_layer,fundamental_pit_feature_layer,,,CSRank(Neg($ctx_fulla_bs_dividend_payable_yoy))
phase3ad_new_data:b967be719df6dac2,0ebead9e3e9d3965c15dd181,b9e0eda354dd3f1d16704524,9bd2ae9bc0ce348718c19772,phase3aa_event_0222_phase3ad_newdata_atomic_direct_rank_00454,phase3aj_selector_rounds1_2_20260606,cn_phase3ad_new_data_feature_layer,fundamental_pit_feature_layer,,,CSRank($ctx_fulla_bs_dividend_rece_yoy)
phase3ad_new_data:83fc9be4a68bc1ea,a7761f333b1760df35eadade,3e4e7a619207cf13e039acfd,9bd2ae9bc0ce348718c19772,phase3aa_event_0223_phase3ad_newdata_atomic_inverse_rank_00455,phase3aj_selector_rounds1_2_20260606,cn_phase3ad_new_data_feature_layer,fundamental_pit_feature_layer,,,CSRank(Neg($ctx_fulla_bs_dividend_rece_yoy))
phase3ad_new_data:576b43622ad3fbe5,14f461831a2c14a5c98cd488,b9e0eda354dd3f1d16704524,ce0be0fb74455a121e7e9ab8,phase3aa_event_0224_phase3ad_newdata_atomic_direct_rank_00466,phase3aj_selector_rounds1_2_20260606,cn_phase3ad_new_data_feature_layer,fundamental_pit_feature_layer,,,CSRank($ctx_fulla_bs_finance_rece_yoy)
phase3ad_new_data:4b258119850f1ac4,57217d982718bb5d29f77138,3e4e7a619207cf13e039acfd,ce0be0fb74455a121e7e9ab8,phase3aa_event_0225_phase3ad_newdata_atomic_inverse_rank_00467,phase3aj_selector_rounds1_2_20260606,cn_phase3ad_new_data_feature_layer,fundamental_pit_feature_layer,,,CSRank(Neg($ctx_fulla_bs_finance_rece_yoy))
phase3ad_new_data:f92dcf50c2e06a87,214bef32c054b19690773d5e,b9e0eda354dd3f1d16704524,efd9e8feeec057d05d5ba5e4,phase3aa_event_0228_phase3ad_newdata_atomic_direct_rank_00482,phase3aj_selector_rounds1_2_20260606,cn_phase3ad_new_data_feature_layer,fundamental_pit_feature_layer,,,CSRank($ctx_fulla_bs_goodwill_yoy)
phase3ad_new_data:f073b6c622604501,40dd40a9c1831cfcb14d1b94,b9e0eda354dd3f1d16704524,e8e527207da1036801368bcf,phase3aa_event_0229_phase3ad_newdata_atomic_direct_rank_00491,phase3aj_selector_rounds1_2_20260606,cn_phase3ad_new_data_feature_layer,fundamental_pit_feature_layer,,,CSRank($ctx_fulla_bs_intangible_asset_yoy)
phase3ad_new_data:12e90f182efe7ef9,27a0080269833a76b265cae7,b9e0eda354dd3f1d16704524,b78f2045e185529b7928ba4f,phase3aa_event_0232_phase3ad_newdata_atomic_direct_rank_00502,phase3aj_selector_rounds1_2_20260606,cn_phase3ad_new_data_feature_layer,fundamental_pit_feature_layer,,,CSRank($ctx_fulla_bs_invest_realestate_yoy)
phase3ad_new_data:7e379cb518e46bf5,cd1407dc954658d65afe4f79,3e4e7a619207cf13e039acfd,b78f2045e185529b7928ba4f,phase3aa_event_0233_phase3ad_newdata_atomic_inverse_rank_00503,phase3aj_selector_rounds1_2_20260606,cn_phase3ad_new_data_feature_layer,fundamental_pit_feature_layer,,,CSRank(Neg($ctx_fulla_bs_invest_realestate_yoy))
phase3ad_new_data:5c09aeaa8f1d59a2,6d54cce89084d6c888f8e050,b9e0eda354dd3f1d16704524,22d15f0a8a3ebe06dd45734a,phase3aa_event_0234_phase3ad_newdata_atomic_direct_rank_00504,phase3aj_selector_rounds1_2_20260606,cn_phase3ad_new_data_feature_layer,fundamental_pit_feature_layer,,,CSRank($ctx_fulla_bs_lease_liab_yoy)
phase3ad_new_data:7ddb4dd468cb4933,b2c5e104e4e2d397329ef38f,b9e0eda354dd3f1d16704524,05bd6b4239dbed04a201061c,phase3aa_event_0236_phase3ad_newdata_atomic_direct_rank_00520,phase3aj_selector_rounds1_2_20260606,cn_phase3ad_new_data_feature_layer,fundamental_pit_feature_layer,,,CSRank($ctx_fulla_bs_long_equity_invest_yoy)
phase3ad_new_data:ab45fa6902f926cc,de5fc8952a58e7d23ce01046,3e4e7a619207cf13e039acfd,05bd6b4239dbed04a201061c,phase3aa_event_0237_phase3ad_newdata_atomic_inverse_rank_00521,phase3aj_selector_rounds1_2_20260606,cn_phase3ad_new_data_feature_layer,fundamental_pit_feature_layer,,,CSRank(Neg($ctx_fulla_bs_long_equity_invest_yoy))
phase3ad_new_data:ea3931faa7445423,125d38b4f7a3426d65631ce0,b9e0eda354dd3f1d16704524,891af456b41dab9ba394f9fe,phase3aa_event_0238_phase3ad_newdata_atomic_direct_rank_00522,phase3aj_selector_rounds1_2_20260606,cn_phase3ad_new_data_feature_layer,fundamental_pit_feature_layer,,,CSRank($ctx_fulla_bs_long_loan_yoy)
phase3ad_new_data:889f475c6c5a0f2f,960646f365f073b9125bdde1,b9e0eda354dd3f1d16704524,605b6300da9ed172d8be9373,phase3aa_event_0240_phase3ad_newdata_atomic_direct_rank_00524,phase3aj_selector_rounds1_2_20260606,cn_phase3ad_new_data_feature_layer,fundamental_pit_feature_layer,,,CSRank($ctx_fulla_bs_long_payable_yoy)
phase3ad_new_data:4c6e16da16f6ddde,b1afe7c060428186bb15b94b,b9e0eda354dd3f1d16704524,c272328e4abda25709bebe2b,phase3aa_event_0242_phase3ad_newdata_atomic_direct_rank_00526,phase3aj_selector_rounds1_2_20260606,cn_phase3ad_new_data_feature_layer,fundamental_pit_feature_layer,,,CSRank($ctx_fulla_bs_long_prepaid_expense_yoy)
phase3ad_new_data:535a7381521742fd,79c8bb92e5013b87077f50af,3e4e7a619207cf13e039acfd,c272328e4abda25709bebe2b,phase3aa_event_0243_phase3ad_newdata_atomic_inverse_rank_00527,phase3aj_selector_rounds1_2_20260606,cn_phase3ad_new_data_feature_layer,fundamental_pit_feature_layer,,,CSRank(Neg($ctx_fulla_bs_long_prepaid_expense_yoy))
phase3ad_new_data:fe70dbed8d94da95,fd4c7d271bfd3aa41ddb62c7,b9e0eda354dd3f1d16704524,c28e501acd12ad1f83f375a4,phase3aa_event_0244_phase3ad_newdata_atomic_direct_rank_00528,phase3aj_selector_rounds1_2_20260606,cn_phase3ad_new_data_feature_layer,fundamental_pit_feature_layer,,,CSRank($ctx_fulla_bs_long_rece_yoy)
phase3ad_new_data:ba4d098d46b54675,aa195fff18f4aee46b6a546b,3e4e7a619207cf13e039acfd,c28e501acd12ad1f83f375a4,phase3aa_event_0245_phase3ad_newdata_atomic_inverse_rank_00529,phase3aj_selector_rounds1_2_20260606,cn_phase3ad_new_data_feature_layer,fundamental_pit_feature_layer,,,CSRank(Neg($ctx_fulla_bs_long_rece_yoy))
phase3ad_new_data:3f42fcaeb02cb750,1b9ba36b17e5f6fae09592a4,b9e0eda354dd3f1d16704524,749a8e763093a83982870bbf,phase3aa_event_0246_phase3ad_newdata_atomic_direct_rank_00530,phase3aj_selector_rounds1_2_20260606,cn_phase3ad_new_data_feature_layer,fundamental_pit_feature_layer,,,CSRank($ctx_fulla_bs_long_staffsalary_payable_yoy)
phase3ad_new_data:63cff03e0b561d50,982aca5f0d498939dc72e8a6,3e4e7a619207cf13e039acfd,749a8e763093a83982870bbf,phase3aa_event_0247_phase3ad_newdata_atomic_inverse_rank_00531,phase3aj_selector_rounds1_2_20260606,cn_phase3ad_new_data_feature_layer,fundamental_pit_feature_layer,,,CSRank(Neg($ctx_fulla_bs_long_staffsalary_payable_yoy))
phase3ad_new_data:e846bb52e23fa784,55584fd0d673e6cc89c2d95b,b9e0eda354dd3f1d16704524,29aae28b0e8db72ea0e7c5f2,phase3aa_event_0248_phase3ad_newdata_atomic_direct_rank_00532,phase3aj_selector_rounds1_2_20260606,cn_phase3ad_new_data_feature_layer,fundamental_pit_feature_layer,,,CSRank($ctx_fulla_bs_minority_equity_yoy)
phase3ad_new_data:8dde2d7d7a6103d4,7e6a764197f421234bfeb19f,b9e0eda354dd3f1d16704524,4162988fbef8dac9826b51d1,phase3aa_event_0250_phase3ad_newdata_atomic_direct_rank_00534,phase3aj_selector_rounds1_2_20260606,cn_phase3ad_new_data_feature_layer,fundamental_pit_feature_layer,,,CSRank($ctx_fulla_bs_monetaryfunds_yoy)
phase3ad_new_data:884c96fb79131e3a,e6794b846bf70580fedbdac2,b9e0eda354dd3f1d16704524,3cafab4c69c52c429ab71972,phase3aa_event_0252_phase3ad_newdata_atomic_direct_rank_00536,phase3aj_selector_rounds1_2_20260606,cn_phase3ad_new_data_feature_layer,fundamental_pit_feature_layer,,,CSRank($ctx_fulla_bs_noncurrent_asset_1year_yoy)
phase3ad_new_data:c405d03e0b846960,feb0b860c6ea39e43e9cf32b,3e4e7a619207cf13e039acfd,3cafab4c69c52c429ab71972,phase3aa_event_0253_phase3ad_newdata_atomic_inverse_rank_00537,phase3aj_selector_rounds1_2_20260606,cn_phase3ad_new_data_feature_layer,fundamental_pit_feature_layer,,,CSRank(Neg($ctx_fulla_bs_noncurrent_asset_1year_yoy))
phase3ad_new_data:837509cd95b38922,3bed1f49e0b04ed3893fb434,b9e0eda354dd3f1d16704524,6a07aea60c041f612e0f45f2,phase3aa_event_0254_phase3ad_newdata_atomic_direct_rank_00542,phase3aj_selector_rounds1_2_20260606,cn_phase3ad_new_data_feature_layer,fundamental_pit_feature_layer,,,CSRank($ctx_fulla_bs_noncurrent_liab_1year_yoy)
phase3ad_new_data:029fec4040f02f8e,8d77011f4b255007e38fa7a5,3e4e7a619207cf13e039acfd,6a07aea60c041f612e0f45f2,phase3aa_event_0255_phase3ad_newdata_atomic_inverse_rank_00543,phase3aj_selector_rounds1_2_20260606,cn_phase3ad_new_data_feature_layer,fundamental_pit_feature_layer,,,CSRank(Neg($ctx_fulla_bs_noncurrent_liab_1year_yoy))
phase3ad_new_data:fdd378a554c404dd,81a9607566f1ed7b171cf2d7,b9e0eda354dd3f1d16704524,129fdddc9e325d93ea9b86bd,phase3aa_event_0260_phase3ad_newdata_atomic_direct_rank_00552,phase3aj_selector_rounds1_2_20260606,cn_phase3ad_new_data_feature_layer,fundamental_pit_feature_layer,,,CSRank($ctx_fulla_bs_note_payable_yoy)
phase3ad_new_data:68471af614026c00,0e532a9483b4883623b6ab82,b9e0eda354dd3f1d16704524,f1377b5138886c545c4fdb82,phase3aa_event_0262_phase3ad_newdata_atomic_direct_rank_00554,phase3aj_selector_rounds1_2_20260606,cn_phase3ad_new_data_feature_layer,fundamental_pit_feature_layer,,,CSRank($ctx_fulla_bs_note_rece_yoy)
phase3ad_new_data:053e06d0b5df8020,73f64f7cbcc5a2d9412ee24d,b9e0eda354dd3f1d16704524,682ef6a63c1fc9518710718e,phase3aa_event_0266_phase3ad_newdata_atomic_direct_rank_00562,phase3aj_selector_rounds1_2_20260606,cn_phase3ad_new_data_feature_layer,fundamental_pit_feature_layer,,,CSRank($ctx_fulla_bs_other_current_asset_yoy)
phase3ad_new_data:0d85462dbb422670,f2d1be5ba2a699a6d754b9dc,3e4e7a619207cf13e039acfd,682ef6a63c1fc9518710718e,phase3aa_event_0267_phase3ad_newdata_atomic_inverse_rank_00563,phase3aj_selector_rounds1_2_20260606,cn_phase3ad_new_data_feature_layer,fundamental_pit_feature_layer,,,CSRank(Neg($ctx_fulla_bs_other_current_asset_yoy))
phase3ad_new_data:a31446ae8316de77,dc61d8739a9c6d84c086d831,b9e0eda354dd3f1d16704524,996a5b3f92f3ee9c523f8a2a,phase3aa_event_0268_phase3ad_newdata_atomic_direct_rank_00564,phase3aj_selector_rounds1_2_20260606,cn_phase3ad_new_data_feature_layer,fundamental_pit_feature_layer,,,CSRank($ctx_fulla_bs_other_current_liab_yoy)
phase3ad_new_data:d69d004f1016d0be,7093cc14d18e808461b5ba53,b9e0eda354dd3f1d16704524,22ff571e81ffdb01b4e12fe7,phase3aa_event_0270_phase3ad_newdata_atomic_direct_rank_00566,phase3aj_selector_rounds1_2_20260606,cn_phase3ad_new_data_feature_layer,fundamental_pit_feature_layer,,,CSRank($ctx_fulla_bs_other_equity_invest_yoy)
phase3ad_new_data:79eb0323fe669c1c,34208efd3064fa7fcb0172af,b9e0eda354dd3f1d16704524,2fa6447486479b09b1af991e,phase3aa_event_0272_phase3ad_newdata_atomic_direct_rank_00570,phase3aj_selector_rounds1_2_20260606,cn_phase3ad_new_data_feature_layer,fundamental_pit_feature_layer,,,CSRank($ctx_fulla_bs_other_equity_tool_yoy)
phase3ad_new_data:a8eff61b3a300065,657309ed476846b11c8f1ae3,b9e0eda354dd3f1d16704524,d634b376aebc56a2e849c1ee,phase3aa_event_0274_phase3ad_newdata_atomic_direct_rank_00572,phase3aj_selector_rounds1_2_20260606,cn_phase3ad_new_data_feature_layer,fundamental_pit_feature_layer,,,CSRank($ctx_fulla_bs_other_noncurrent_asset_yoy)
phase3ad_new_data:d7bfe93d24762dfa,da0baa6723ed835293ae84ca,3e4e7a619207cf13e039acfd,d634b376aebc56a2e849c1ee,phase3aa_event_0275_phase3ad_newdata_atomic_inverse_rank_00573,phase3aj_selector_rounds1_2_20260606,cn_phase3ad_new_data_feature_layer,fundamental_pit_feature_layer,,,CSRank(Neg($ctx_fulla_bs_other_noncurrent_asset_yoy))
phase3ad_new_data:d61ba6d56e939c24,2b97623d3862cbc64f329db5,b9e0eda354dd3f1d16704524,672772150340a3a0692bb138,phase3aa_event_0276_phase3ad_newdata_atomic_direct_rank_00574,phase3aj_selector_rounds1_2_20260606,cn_phase3ad_new_data_feature_layer,fundamental_pit_feature_layer,,,CSRank($ctx_fulla_bs_other_noncurrent_finasset_yoy)
phase3ad_new_data:43eaad95438d37ed,6753b5544563874afe06679b,b9e0eda354dd3f1d16704524,a6805016eaa1f9e07d6fcaa1,phase3aa_event_0278_phase3ad_newdata_atomic_direct_rank_00576,phase3aj_selector_rounds1_2_20260606,cn_phase3ad_new_data_feature_layer,fundamental_pit_feature_layer,,,CSRank($ctx_fulla_bs_other_noncurrent_liab_yoy)
phase3ad_new_data:555c4ca1ccfb8082,4f1e8e83cae6b9bb34081846,3e4e7a619207cf13e039acfd,a6805016eaa1f9e07d6fcaa1,phase3aa_event_0279_phase3ad_newdata_atomic_inverse_rank_00577,phase3aj_selector_rounds1_2_20260606,cn_phase3ad_new_data_feature_layer,fundamental_pit_feature_layer,,,CSRank(Neg($ctx_fulla_bs_other_noncurrent_liab_yoy))
phase3ad_new_data:7492c3da7d4a652d,59a6ab6d4123ac1649a6722d,b9e0eda354dd3f1d16704524,334b9d01b5b68332085846b3,phase3aa_event_0280_phase3ad_newdata_atomic_direct_rank_00592,phase3aj_selector_rounds1_2_20260606,cn_phase3ad_new_data_feature_layer,fundamental_pit_feature_layer,,,CSRank($ctx_fulla_bs_predict_liab_yoy)
phase3ad_new_data:6d0daa92032df01c,ed8fd174d0da732fd34b8632,3e4e7a619207cf13e039acfd,334b9d01b5b68332085846b3,phase3aa_event_0281_phase3ad_newdata_atomic_inverse_rank_00593,phase3aj_selector_rounds1_2_20260606,cn_phase3ad_new_data_feature_layer,fundamental_pit_feature_layer,,,CSRank(Neg($ctx_fulla_bs_predict_liab_yoy))
phase3ad_new_data:9715118c0160e6a0,a430e1e90acf6f9dbc2d036f,b9e0eda354dd3f1d16704524,75905241f8f70eeb75cff685,phase3aa_event_0282_phase3ad_newdata_atomic_direct_rank_00600,phase3aj_selector_rounds1_2_20260606,cn_phase3ad_new_data_feature_layer,fundamental_pit_feature_layer,,,CSRank($ctx_fulla_bs_prepayment_yoy)
phase3ad_new_data:7553442bdc8fa516,47a5de6728ade0a138a77a8b,b9e0eda354dd3f1d16704524,7c020c62bad5671165233fde,phase3aa_event_0286_phase3ad_newdata_atomic_direct_rank_00622,phase3aj_selector_rounds1_2_20260606,cn_phase3ad_new_data_feature_layer,fundamental_pit_feature_layer,,,CSRank($ctx_fulla_bs_short_loan_yoy)
phase3ad_new_data:dc728b69b9f0058a,ebd4ffdb6d0567ba7026c056,b9e0eda354dd3f1d16704524,616447cde1883fa2b3d8165e,phase3aa_event_0288_phase3ad_newdata_atomic_direct_rank_00626,phase3aj_selector_rounds1_2_20260606,cn_phase3ad_new_data_feature_layer,fundamental_pit_feature_layer,,,CSRank($ctx_fulla_bs_special_reserve_yoy)
phase3ad_new_data:09bedf478995d83a,b090aad06e6dc41e7c3f88b5,3e4e7a619207cf13e039acfd,616447cde1883fa2b3d8165e,phase3aa_event_0289_phase3ad_newdata_atomic_inverse_rank_00627,phase3aj_selector_rounds1_2_20260606,cn_phase3ad_new_data_feature_layer,fundamental_pit_feature_layer,,,CSRank(Neg($ctx_fulla_bs_special_reserve_yoy))
phase3ad_new_data:49d7cf22ada431f0,7ee24e66a45b25bebed07617,b9e0eda354dd3f1d16704524,590165efa394a23d9fb1cb05,phase3aa_event_0292_phase3ad_newdata_atomic_direct_rank_00632,phase3aj_selector_rounds1_2_20260606,cn_phase3ad_new_data_feature_layer,fundamental_pit_feature_layer,,,CSRank($ctx_fulla_bs_surplus_reserve_yoy)
phase3ad_new_data:9cbdcffe7b256479,04a2e2d0528f194eaff61742,b9e0eda354dd3f1d16704524,0ed7788502c025b7892194a6,phase3aa_event_0294_phase3ad_newdata_atomic_direct_rank_00634,phase3aj_selector_rounds1_2_20260606,cn_phase3ad_new_data_feature_layer,fundamental_pit_feature_layer,,,CSRank($ctx_fulla_bs_tax_payable_yoy)
phase3ad_new_data:c602dee6c34133a6,c33c907b43d130851b489ea9,b9e0eda354dd3f1d16704524,24245910898aeef29a6457c8,phase3aa_event_0308_phase3ad_newdata_atomic_direct_rank_00648,phase3aj_selector_rounds1_2_20260606,cn_phase3ad_new_data_feature_layer,fundamental_pit_feature_layer,,,CSRank($ctx_fulla_bs_total_noncurrent_liab_yoy)
phase3ad_new_data:e179ac1a76343872,44b8cfcdfba0fbfc20f9398c,b9e0eda354dd3f1d16704524,21af09e7569c72a8f1852b46,phase3aa_event_0310_phase3ad_newdata_atomic_direct_rank_00650,phase3aj_selector_rounds1_2_20260606,cn_phase3ad_new_data_feature_layer,fundamental_pit_feature_layer,,,CSRank($ctx_fulla_bs_total_other_payable_yoy)
phase3ad_new_data:12f57455f5de1cc7,7499bc9f1882e9d8e1996d00,3e4e7a619207cf13e039acfd,21af09e7569c72a8f1852b46,phase3aa_event_0311_phase3ad_newdata_atomic_inverse_rank_00651,phase3aj_selector_rounds1_2_20260606,cn_phase3ad_new_data_feature_layer,fundamental_pit_feature_layer,,,CSRank(Neg($ctx_fulla_bs_total_other_payable_yoy))
phase3ad_new_data:878861fee9fc6629,a3f3ab61a2618c7125b96822,b9e0eda354dd3f1d16704524,396c22f737c782a2584a0b70,phase3aa_event_0312_phase3ad_newdata_atomic_direct_rank_00652,phase3aj_selector_rounds1_2_20260606,cn_phase3ad_new_data_feature_layer,fundamental_pit_feature_layer,,,CSRank($ctx_fulla_bs_total_other_rece_yoy)
phase3ad_new_data:fd429813c330f871,c8c4cad794120c84331fca1d,b9e0eda354dd3f1d16704524,df87e9e8974de5878fef62e4,phase3aa_event_0316_phase3ad_newdata_atomic_direct_rank_00656,phase3aj_selector_rounds1_2_20260606,cn_phase3ad_new_data_feature_layer,fundamental_pit_feature_layer,,,CSRank($ctx_fulla_bs_trade_finasset_notfvtpl_yoy)
phase3ad_new_data:ae754f484ce782f4,ff8f4c2874612478baef5ebd,b9e0eda354dd3f1d16704524,fb3fa155a9a51b754a626122,phase3aa_event_0318_phase3ad_newdata_atomic_direct_rank_00664,phase3aj_selector_rounds1_2_20260606,cn_phase3ad_new_data_feature_layer,fundamental_pit_feature_layer,,,CSRank($ctx_fulla_bs_treasury_shares_yoy)
phase3ad_new_data:9e25f87562d8cec7,a663ff1caa351537e48c076d,b9e0eda354dd3f1d16704524,7d037d3aff57f9053e1ff1a7,phase3aa_event_0341_phase3ad_newdata_atomic_direct_rank_00719,phase3aj_selector_rounds1_2_20260606,cn_phase3ad_new_data_feature_layer,fundamental_pit_feature_layer,,,CSRank($ctx_fulla_ps_research_expense_yoy)
phase3ad_new_data:554fee93ed26ff7b,3847d2ef27ad6841108b8801,b9e0eda354dd3f1d16704524,5932d759e4c0c64b8540e00c,phase3aa_event_0357_phase3ad_newdata_atomic_direct_rank_00763,phase3aj_selector_rounds1_2_20260606,cn_phase3ad_new_data_feature_layer,fundamental_pit_feature_layer,,,CSRank($ctx_fulla_ps_finance_expense_yoy)
phase3ad_new_data:9f7b6eec30e28b40,257324ce0d4f698267c77c11,b9e0eda354dd3f1d16704524,fff5117a9b88f7f730475d62,phase3aa_event_0365_phase3ad_newdata_atomic_direct_rank_00771,phase3aj_selector_rounds1_2_20260606,cn_phase3ad_new_data_feature_layer,fundamental_pit_feature_layer,,,CSRank($ctx_fulla_ps_fe_interest_income_yoy)
phase3ad_new_data:e9fdba998a3ef6d6,cd7fdd02ff2e0ca1e16e8166,b9e0eda354dd3f1d16704524,75db00802acbd612b0dc581a,phase3aa_event_0367_phase3ad_newdata_atomic_direct_rank_00785,phase3aj_selector_rounds1_2_20260606,cn_phase3ad_new_data_feature_layer,fundamental_pit_feature_layer,,,CSRank($ctx_fulla_ps_fairvalue_change_income)
phase3ad_new_data:1d1b61c06bd2da77,cc2d9289a39a9ec17eb97b57,b9e0eda354dd3f1d16704524,7d9d5cfe601d40f177e5feb3,phase3aa_event_0369_phase3ad_newdata_atomic_direct_rank_00787,phase3aj_selector_rounds1_2_20260606,cn_phase3ad_new_data_feature_layer,fundamental_pit_feature_layer,,,CSRank($ctx_fulla_ps_fairvalue_change_income_yoy)
phase3ad_new_data:8d2382239a30bb56,61ac6adbc66f4e67108cad16,b9e0eda354dd3f1d16704524,e99e99db9d8830d62ccd9f8e,phase3aa_event_0373_phase3ad_newdata_atomic_direct_rank_00791,phase3aj_selector_rounds1_2_20260606,cn_phase3ad_new_data_feature_layer,fundamental_pit_feature_layer,,,CSRank($ctx_fulla_ps_invest_income_yoy)
phase3ad_new_data:2113717adf920aad,a32fd89215cc4cacb79b49e6,b9e0eda354dd3f1d16704524,66d2ae5c55e064b48cc54315,phase3aa_event_0377_phase3ad_newdata_atomic_direct_rank_00795,phase3aj_selector_rounds1_2_20260606,cn_phase3ad_new_data_feature_layer,fundamental_pit_feature_layer,,,CSRank($ctx_fulla_ps_invest_joint_income_yoy)
phase3ad_new_data:477d48eb14713d40,6f5dd058f9432b0c7d9ec8b5,b9e0eda354dd3f1d16704524,4ea0d5c0780c2115817cef21,phase3aa_event_0379_phase3ad_newdata_atomic_direct_rank_00805,phase3aj_selector_rounds1_2_20260606,cn_phase3ad_new_data_feature_layer,fundamental_pit_feature_layer,,,CSRank($ctx_fulla_ps_asset_disposal_income)
phase3ad_new_data:4f4cf80974f3849d,bb9b1eb26816209e99fd170a,b9e0eda354dd3f1d16704524,f6a6c2f92a1593e01a98bfa1,phase3aa_event_0381_phase3ad_newdata_atomic_direct_rank_00807,phase3aj_selector_rounds1_2_20260606,cn_phase3ad_new_data_feature_layer,fundamental_pit_feature_layer,,,CSRank($ctx_fulla_ps_asset_disposal_income_yoy)
phase3ad_new_data:6aff38ac2de23ced,9164532cf9946f6f957b10d3,b9e0eda354dd3f1d16704524,d33de06453549ebe20f9c20d,phase3aa_event_0385_phase3ad_newdata_atomic_direct_rank_00811,phase3aj_selector_rounds1_2_20260606,cn_phase3ad_new_data_feature_layer,fundamental_pit_feature_layer,,,CSRank($ctx_fulla_ps_asset_impairment_income_yoy)
phase3ad_new_data:c852c8ef4a2c912c,21c601a568178f225b677dbc,3e4e7a619207cf13e039acfd,d33de06453549ebe20f9c20d,phase3aa_event_0386_phase3ad_newdata_atomic_inverse_rank_00812,phase3aj_selector_rounds1_2_20260606,cn_phase3ad_new_data_feature_layer,fundamental_pit_feature_layer,,,CSRank(Neg($ctx_fulla_ps_asset_impairment_income_yoy))
phase3ad_new_data:35ca6a0932b66c20,2694e199076b3f413ff00959,b9e0eda354dd3f1d16704524,ed530490cfa9755c5330618d,phase3aa_event_0387_phase3ad_newdata_atomic_direct_rank_00813,phase3aj_selector_rounds1_2_20260606,cn_phase3ad_new_data_feature_layer,fundamental_pit_feature_layer,,,CSRank($ctx_fulla_ps_credit_impairment_income)
phase3ad_new_data:45db0505f6fabb66,eac0dd6ad4a3e63d5192d59b,b9e0eda354dd3f1d16704524,2c7ac23d61d6631dda1070eb,phase3aa_event_0389_phase3ad_newdata_atomic_direct_rank_00815,phase3aj_selector_rounds1_2_20260606,cn_phase3ad_new_data_feature_layer,fundamental_pit_feature_layer,,,CSRank($ctx_fulla_ps_credit_impairment_income_yoy)
phase3ad_new_data:e074213c94bc223f,0bbf851c84ee08c02598f19d,b9e0eda354dd3f1d16704524,3e544d32f1676b2119d8c7a1,phase3aa_event_0393_phase3ad_newdata_atomic_direct_rank_00819,phase3aj_selector_rounds1_2_20260606,cn_phase3ad_new_data_feature_layer,fundamental_pit_feature_layer,,,CSRank($ctx_fulla_ps_other_income_yoy)
phase3ad_new_data:07722a58870e7df9,3a02c3b1af9c1484bbb67ad1,3e4e7a619207cf13e039acfd,3e544d32f1676b2119d8c7a1,phase3aa_event_0394_phase3ad_newdata_atomic_inverse_rank_00820,phase3aj_selector_rounds1_2_20260606,cn_phase3ad_new_data_feature_layer,fundamental_pit_feature_layer,,,CSRank(Neg($ctx_fulla_ps_other_income_yoy))
phase3ad_new_data:e9aa6ce63eefdb4c,3837d7221e53d52ae2a8c8f8,b9e0eda354dd3f1d16704524,b08fa0b47f2fa8d5042340ff,phase3aa_event_0395_phase3ad_newdata_atomic_direct_rank_00825,phase3aj_selector_rounds1_2_20260606,cn_phase3ad_new_data_feature_layer,fundamental_pit_feature_layer,,,CSRank($ctx_fulla_ps_operate_profit_balance)
phase3ad_new_data:70a445ca1063ace4,5329a999a6962167a80cad68,b9e0eda354dd3f1d16704524,4a81e8040fefbc0fb5e8273b,phase3aa_event_0402_phase3ad_newdata_atomic_direct_rank_00834,phase3aj_selector_rounds1_2_20260606,cn_phase3ad_new_data_feature_layer,fundamental_pit_feature_layer,,,CSRank($ctx_fulla_ps_nonbusiness_income_yoy)
phase3ad_new_data:1044785d99ec6162,ec75dbe6b36a14a423aac53b,3e4e7a619207cf13e039acfd,4a81e8040fefbc0fb5e8273b,phase3aa_event_0403_phase3ad_newdata_atomic_inverse_rank_00835,phase3aj_selector_rounds1_2_20260606,cn_phase3ad_new_data_feature_layer,fundamental_pit_feature_layer,,,CSRank(Neg($ctx_fulla_ps_nonbusiness_income_yoy))
phase3ad_new_data:83ec712d8d4f9a1f,bf6024d9c23614b0ab42dd6c,b9e0eda354dd3f1d16704524,9ec059367df47981125d9428,phase3aa_event_0406_phase3ad_newdata_atomic_direct_rank_00842,phase3aj_selector_rounds1_2_20260606,cn_phase3ad_new_data_feature_layer,fundamental_pit_feature_layer,,,CSRank($ctx_fulla_ps_nonbusiness_expense_yoy)
phase3ad_new_data:62425ab2f52ee91e,33056ef5a54161cf821fa221,3e4e7a619207cf13e039acfd,9ec059367df47981125d9428,phase3aa_event_0407_phase3ad_newdata_atomic_inverse_rank_00843,phase3aj_selector_rounds1_2_20260606,cn_phase3ad_new_data_feature_layer,fundamental_pit_feature_layer,,,CSRank(Neg($ctx_fulla_ps_nonbusiness_expense_yoy))
phase3ad_new_data:679d0e3da0564b3b,de08066f41949ab9d95db123,b9e0eda354dd3f1d16704524,0fa049f7573ac42254d86505,phase3aa_event_0408_phase3ad_newdata_atomic_direct_rank_00852,phase3aj_selector_rounds1_2_20260606,cn_phase3ad_new_data_feature_layer,fundamental_pit_feature_layer,,,CSRank($ctx_fulla_ps_total_profit_balance)
phase3ad_new_data:52931a7ec94077e9,cbc0442e276bff21cb207949,3e4e7a619207cf13e039acfd,0fa049f7573ac42254d86505,phase3aa_event_0409_phase3ad_newdata_atomic_inverse_rank_00853,phase3aj_selector_rounds1_2_20260606,cn_phase3ad_new_data_feature_layer,fundamental_pit_feature_layer,,,CSRank(Neg($ctx_fulla_ps_total_profit_balance))
phase3ad_new_data:47c640c4c3d0d89d,f60cd4176ef400860d5a5ed9,b9e0eda354dd3f1d16704524,161ea74989b168c1566fd625,phase3aa_event_0428_phase3ad_newdata_atomic_direct_rank_00894,phase3aj_selector_rounds1_2_20260606,cn_phase3ad_new_data_feature_layer,fundamental_pit_feature_layer,,,CSRank($ctx_fulla_ps_minority_interest)
phase3ad_new_data:bdd1ef162f96f214,22d4bdf6118d7d4628ded725,b9e0eda354dd3f1d16704524,60a0436b790df83d823f8ef7,phase3aa_event_0430_phase3ad_newdata_atomic_direct_rank_00896,phase3aj_selector_rounds1_2_20260606,cn_phase3ad_new_data_feature_layer,fundamental_pit_feature_layer,,,CSRank($ctx_fulla_ps_minority_interest_yoy)
phase3ad_new_data:cf0d7c38e3d0ffff,a99abe42ef6daae2ef28a9fc,b9e0eda354dd3f1d16704524,75c6fee8b5a2e215e826859d,phase3aa_event_0452_phase3ad_newdata_atomic_direct_rank_00926,phase3aj_selector_rounds1_2_20260606,cn_phase3ad_new_data_feature_layer,fundamental_pit_feature_layer,,,CSRank($ctx_fulla_ps_minority_oci)
phase3ad_new_data:91b7e04fb66a09af,3bd60eaf45e277b461ce5715,b9e0eda354dd3f1d16704524,dfc08017cb7645c9f745f93e,phase3aa_event_0454_phase3ad_newdata_atomic_direct_rank_00928,phase3aj_selector_rounds1_2_20260606,cn_phase3ad_new_data_feature_layer,fundamental_pit_feature_layer,,,CSRank($ctx_fulla_ps_minority_oci_yoy)
phase3ad_new_data:3eb0240a2d6c79c2,72c12b937939a221e7a3e669,b9e0eda354dd3f1d16704524,6bb279288d46db25ec1247fc,phase3aa_event_0458_phase3ad_newdata_atomic_direct_rank_00940,phase3aj_selector_rounds1_2_20260606,cn_phase3ad_new_data_feature_layer,fundamental_pit_feature_layer,,,CSRank($ctx_fulla_ps_unable_oci_yoy)
phase3ad_new_data:020ae605d7b5f125,b9314f6e68a64de9229acd96,b9e0eda354dd3f1d16704524,1cb167ee191396358539f181,phase3aa_event_0462_phase3ad_newdata_atomic_direct_rank_00948,phase3aj_selector_rounds1_2_20260606,cn_phase3ad_new_data_feature_layer,fundamental_pit_feature_layer,,,CSRank($ctx_fulla_ps_otherright_fairvalue_change_yoy)
phase3ad_new_data:9cf6064b70dbc818,2ce0081b5acb8c43bbc53fe8,b9e0eda354dd3f1d16704524,c89ef75fe03a8a0757fa55f8,phase3aa_event_0466_phase3ad_newdata_atomic_direct_rank_00968,phase3aj_selector_rounds1_2_20260606,cn_phase3ad_new_data_feature_layer,fundamental_pit_feature_layer,,,CSRank($ctx_fulla_ps_able_oci_yoy)
phase3ad_new_data:2902281ab327667f,afa6bf0966ba2f17a25955bb,b9e0eda354dd3f1d16704524,433a9d92b525adfd2ff7598e,phase3aa_event_0468_phase3ad_newdata_atomic_direct_rank_00970,phase3aj_selector_rounds1_2_20260606,cn_phase3ad_new_data_feature_layer,fundamental_pit_feature_layer,,,CSRank($ctx_fulla_ps_rightlaw_able_oci)
phase3ad_new_data:ed3f540070cf264e,f4d1195117bcaded3c6c1b8d,b9e0eda354dd3f1d16704524,7083390d34b1669cae30e4e8,phase3aa_event_0470_phase3ad_newdata_atomic_direct_rank_00972,phase3aj_selector_rounds1_2_20260606,cn_phase3ad_new_data_feature_layer,fundamental_pit_feature_layer,,,CSRank($ctx_fulla_ps_rightlaw_able_oci_yoy)
phase3ad_new_data:a502c716c4838ee3,f49d93eecc67c3a762022f60,b9e0eda354dd3f1d16704524,a80f1de7bbd7c3ceab99eb30,phase3aa_event_0476_phase3ad_newdata_atomic_direct_rank_01000,phase3aj_selector_rounds1_2_20260606,cn_phase3ad_new_data_feature_layer,fundamental_pit_feature_layer,,,CSRank($ctx_fulla_ps_convert_diff_yoy)
phase3ad_new_data:cde230a3f1015911,621d79f40a2d8b2f5e5cdea7,b9e0eda354dd3f1d16704524,2c452b79a811903ec1ce5348,phase3aa_event_0486_phase3ad_newdata_atomic_direct_rank_01026,phase3aj_selector_rounds1_2_20260606,cn_phase3ad_new_data_feature_layer,fundamental_pit_feature_layer,,,CSRank($ctx_fulla_ps_minority_tci)
phase3ad_new_data:ae69dc06d02e5e4a,5fef1b0b0561c7e594d1c239,b9e0eda354dd3f1d16704524,ca225b6650a13d5096e0da3f,phase3aa_event_0490_phase3ad_newdata_atomic_direct_rank_01046,phase3aj_selector_rounds1_2_20260606,cn_phase3ad_new_data_feature_layer,fundamental_pit_feature_layer,,,CSRank($ctx_fulla_ps_acf_end_income)
phase3ad_new_data:17c124e39d43707a,960607a75c522497cd0fb9a9,c3223806aaa3b98b2441793f,9396a01c3af74e958e57a457,phase3aa_event_0525_phase3ad_newdata_event_auction_buy_offer_imbalance_00026,phase3aj_selector_rounds1_2_20260606,cn_phase3ad_new_data_feature_layer,event_derived_feature_layer,,,"CSRank(Div(Sub($evt_uplimit_auction_buy,$evt_uplimit_auction_offer),Add(Abs(Add($evt_uplimit_auction_buy,$evt_uplimit_auction_offer)),0.000001)))"
phase3ad_new_data:e3e3310552d9c8e1,7e612fe17d34e0c50a3cf20d,c2641d9cf33f9f7b5b3ead56,4d8bf4ef6b2f7d251cbedb52,phase3aa_event_0528_phase3ad_newdata_event_seal_close_strength_00029,phase3aj_selector_rounds1_2_20260606,cn_phase3ad_new_data_feature_layer,event_derived_feature_layer,,,"CSRank(Div($evt_uplimit_fd_close,Add(Abs($evt_uplimit_amount),0.000001)))"
phase3ad_new_data:991c9b8ff04ff47b,cfa7d07c663da95c46b8c0a6,c2641d9cf33f9f7b5b3ead56,2e6c424716ee9318eaa8cd17,phase3aa_event_0529_phase3ad_newdata_event_seal_max_strength_00030,phase3aj_selector_rounds1_2_20260606,cn_phase3ad_new_data_feature_layer,event_derived_feature_layer,,,"CSRank(Div($evt_uplimit_fd_max,Add(Abs($evt_uplimit_amount),0.000001)))"
phase3ad_new_data:c1b3d500c1eaf939,c37a9ef19a47bf597c326ac9,b9e0eda354dd3f1d16704524,d812ba07c2206b9eaba09f83,phase3aa_event_0530_phase3ad_newdata_event_auction_premax_strength_00031,phase3aj_selector_rounds1_2_20260606,cn_phase3ad_new_data_feature_layer,event_derived_feature_layer,,,CSRank($evt_uplimit_auction_pre1max_ratio)
phase3ad_new_data:0c4c2b611579b7eb,a38e42e69802683a273f7690,3e4e7a619207cf13e039acfd,da2c372e7b5c8561f015f6b0,phase3aa_event_0531_phase3ad_newdata_stock_heat_rank_strength_00040,phase3aj_selector_rounds1_2_20260606,cn_phase3ad_new_data_feature_layer,event_derived_feature_layer,,,CSRank(Neg($ctx_ths_hot_rank))
phase3ad_new_data:b13d5df9dec4da78,adc16a7f34e04ff268486539,c2641d9cf33f9f7b5b3ead56,a59938f67523d1d09bcd8aca,phase3aa_event_0533_phase3ad_newdata_stock_heat_small_liquid_momentum_00042,phase3aj_selector_rounds1_2_20260606,cn_phase3ad_new_data_feature_layer,event_derived_feature_layer,,,"CSRank(Div($ctx_ths_hot_last_pct,Add(Abs($ctx_ths_hot_circulation_value),0.000001)))"
phase3ad_new_data:8ded87158e609358,d65bf0495c14a0fdb406ba12,3b64a2cdb3bc34756133c073,a371f553c748577bcd6e67a4,phase3aa_event_0534_phase3ad_newdata_event_x_market_sentiment_00043,phase3aj_selector_rounds1_2_20260606,cn_phase3ad_new_data_feature_layer,event_derived_feature_layer,,,"CSRank(Mul(ZScore($evt_uplimit_auction_pre1max_ratio),ZScore($ctx_sent_uplimit_num)))"
phase3ad_new_data:509d9b85309cc912,eba6f62c390fbe46dbdc2773,3b64a2cdb3bc34756133c073,783aa42058ff189924dd1179,phase3aa_event_0535_phase3ad_newdata_event_x_market_sentiment_00044,phase3aj_selector_rounds1_2_20260606,cn_phase3ad_new_data_feature_layer,event_derived_feature_layer,,,"CSRank(Mul(ZScore($evt_uplimit_auction_pre1max_ratio),ZScore($ctx_sent_downlimit_num)))"
phase3ad_new_data:5c40f848bc541d5a,c894fed8242af565007d31a6,3b64a2cdb3bc34756133c073,e836496770e560553053587b,phase3aa_event_0536_phase3ad_newdata_event_x_market_sentiment_00045,phase3aj_selector_rounds1_2_20260606,cn_phase3ad_new_data_feature_layer,event_derived_feature_layer,,,"CSRank(Mul(ZScore($evt_uplimit_auction_pre1max_ratio),ZScore($ctx_sent_max_lb_num)))"
phase3ad_new_data:505453848cdc6b6c,7073e3bae743bf6c68819690,3b64a2cdb3bc34756133c073,af8d095415eb783c3b807b7d,phase3aa_event_0537_phase3ad_newdata_event_x_market_sentiment_00046,phase3aj_selector_rounds1_2_20260606,cn_phase3ad_new_data_feature_layer,event_derived_feature_layer,,,"CSRank(Mul(ZScore($evt_uplimit_auction_pre1max_ratio),ZScore($ctx_sent_zb_num)))"
phase3ad_new_data:e89f009da389e5cc,53e47f8f8abfda7247290ae1,3b64a2cdb3bc34756133c073,742c854d0c06365febff5ab1,phase3aa_event_0538_phase3ad_newdata_event_x_market_sentiment_00047,phase3aj_selector_rounds1_2_20260606,cn_phase3ad_new_data_feature_layer,event_derived_feature_layer,,,"CSRank(Mul(ZScore($evt_uplimit_auction_pre1max_ratio),ZScore($ctx_sent_damian_num)))"
phase3ad_new_data:04775a827f47e243,0abdc3d296c87e43e8bb3dad,3b64a2cdb3bc34756133c073,c983624afb668368b03024ed,phase3aa_event_0543_phase3ad_newdata_event_x_market_sentiment_00052,phase3aj_selector_rounds1_2_20260606,cn_phase3ad_new_data_feature_layer,event_derived_feature_layer,,,"CSRank(Mul(ZScore($evt_uplimit_fd_close),ZScore($ctx_sent_damian_num)))"
phase3ad_new_data:9c592481127f5a4a,94482d816ec538d44db0ca18,3b64a2cdb3bc34756133c073,58740b0a99b29323dea1466b,phase3aa_event_0544_phase3ad_newdata_event_x_market_sentiment_00053,phase3aj_selector_rounds1_2_20260606,cn_phase3ad_new_data_feature_layer,event_derived_feature_layer,,,"CSRank(Mul(ZScore($evt_uplimit_fd_max),ZScore($ctx_sent_uplimit_num)))"
phase3ad_new_data:0eeaef44f08c6945,4668f4ccea1355aad21d04b5,3b64a2cdb3bc34756133c073,bd7acbbe53bcd70bd181235d,phase3aa_event_0545_phase3ad_newdata_event_x_market_sentiment_00054,phase3aj_selector_rounds1_2_20260606,cn_phase3ad_new_data_feature_layer,event_derived_feature_layer,,,"CSRank(Mul(ZScore($evt_uplimit_fd_max),ZScore($ctx_sent_downlimit_num)))"
phase3ad_new_data:5a8ad4ba9ef452a3,9b9c96cdbd5334524add3605,3b64a2cdb3bc34756133c073,4d3bb8a1469372b553f985c1,phase3aa_event_0546_phase3ad_newdata_event_x_market_sentiment_00055,phase3aj_selector_rounds1_2_20260606,cn_phase3ad_new_data_feature_layer,event_derived_feature_layer,,,"CSRank(Mul(ZScore($evt_uplimit_fd_max),ZScore($ctx_sent_max_lb_num)))"
phase3ad_new_data:85116eed344cd28f,f285ef2bb04903a32bc22022,3b64a2cdb3bc34756133c073,6fd1dd048f6ba4ed24b1d4e4,phase3aa_event_0547_phase3ad_newdata_event_x_market_sentiment_00056,phase3aj_selector_rounds1_2_20260606,cn_phase3ad_new_data_feature_layer,event_derived_feature_layer,,,"CSRank(Mul(ZScore($evt_uplimit_fd_max),ZScore($ctx_sent_zb_num)))"
phase3ad_new_data:a4ce151d22bd6dd6,632c44a20ab9a5d5056f7608,3b64a2cdb3bc34756133c073,de41c998776af2c23dea9a2a,phase3aa_event_0548_phase3ad_newdata_event_x_market_sentiment_00057,phase3aj_selector_rounds1_2_20260606,cn_phase3ad_new_data_feature_layer,event_derived_feature_layer,,,"CSRank(Mul(ZScore($evt_uplimit_fd_max),ZScore($ctx_sent_damian_num)))"
phase3ad_new_data:b0e95e1b0b1971f4,2ec9fc70c7f0f2fbf7417452,3b64a2cdb3bc34756133c073,f81cc2ef7741a0f37e934763,phase3aa_event_0558_phase3ad_newdata_event_x_market_sentiment_00067,phase3aj_selector_rounds1_2_20260606,cn_phase3ad_new_data_feature_layer,event_derived_feature_layer,,,"CSRank(Mul(ZScore($ctx_ths_hot_rank_diff),ZScore($ctx_sent_damian_num)))"
phase3ad_new_data:3258b9cabd465c69,10dc4e5076a1a17b18e74df2,b9e0eda354dd3f1d16704524,784f00a15779eab7583ace8f,phase3aa_event_0559_phase3ad_newdata_atomic_direct_rank_01091,phase3aj_selector_rounds1_2_20260606,cn_phase3ad_new_data_feature_layer,event_derived_feature_layer,,,CSRank($ctx_ths_hot_circulation_value)
phase3ad_new_data:86d88f8c9652f220,d7bc83b3fb42057c42808933,b9e0eda354dd3f1d16704524,107c4093818f30709b6af0c2,phase3aa_event_0561_phase3ad_newdata_atomic_direct_rank_01093,phase3aj_selector_rounds1_2_20260606,cn_phase3ad_new_data_feature_layer,event_derived_feature_layer,,,CSRank($ctx_ths_hot_last_pct)
phase3ad_new_data:8466c5a07ddd7ae9,79a538fe70b1adbf57c3f1a6,b9e0eda354dd3f1d16704524,ae7db336350d7bdde187e4f1,phase3aa_event_0566_phase3ad_newdata_atomic_direct_rank_01098,phase3aj_selector_rounds1_2_20260606,cn_phase3ad_new_data_feature_layer,event_derived_feature_layer,,,CSRank($ctx_ths_hot_rank_diff)
phase3ad_new_data:3a9a39b14cd5e256,ad68c1162f338fef52ff508f,b9e0eda354dd3f1d16704524,a0df30f8086a012f378a2876,phase3aa_event_0569_phase3ad_newdata_atomic_direct_rank_01101,phase3aj_selector_rounds1_2_20260606,cn_phase3ad_new_data_feature_layer,event_derived_feature_layer,,,CSRank($evt_uplimit_auction_buy)
phase3ad_new_data:417a300eabf275db,84c0b098352510b19a858e0d,b9e0eda354dd3f1d16704524,e3e01af31dc066b8f5a00a2c,phase3aa_event_0573_phase3ad_newdata_atomic_direct_rank_01105,phase3aj_selector_rounds1_2_20260606,cn_phase3ad_new_data_feature_layer,event_derived_feature_layer,,,CSRank($evt_uplimit_auction_offer)
phase3ad_new_data:d243da5c25939ec8,b5970a7a6392f2e461a622cc,3e4e7a619207cf13e039acfd,e3e01af31dc066b8f5a00a2c,phase3aa_event_0574_phase3ad_newdata_atomic_inverse_rank_01106,phase3aj_selector_rounds1_2_20260606,cn_phase3ad_new_data_feature_layer,event_derived_feature_layer,,,CSRank(Neg($evt_uplimit_auction_offer))
phase3ad_new_data:388dcc90fb0c9f26,262d2e63c1c51ec94a2e62d7,3e4e7a619207cf13e039acfd,d812ba07c2206b9eaba09f83,phase3aa_event_0575_phase3ad_newdata_atomic_inverse_rank_01107,phase3aj_selector_rounds1_2_20260606,cn_phase3ad_new_data_feature_layer,event_derived_feature_layer,,,CSRank(Neg($evt_uplimit_auction_pre1max_ratio))
phase3ad_new_data:46723292e06c36b5,c16d5202e7eb3de18ca0365f,b9e0eda354dd3f1d16704524,42b05245e6cee7bbd566d75d,phase3aa_event_0578_phase3ad_newdata_atomic_direct_rank_01110,phase3aj_selector_rounds1_2_20260606,cn_phase3ad_new_data_feature_layer,event_derived_feature_layer,,,CSRank($evt_uplimit_fd_close)
phase3ad_new_data:bf2f6f772b894424,dbbea771a7929a6ea915b194,b9e0eda354dd3f1d16704524,2ccdaede8faee377cb3a15ef,phase3aa_event_0580_phase3ad_newdata_atomic_direct_rank_01112,phase3aj_selector_rounds1_2_20260606,cn_phase3ad_new_data_feature_layer,event_derived_feature_layer,,,CSRank($evt_uplimit_fd_max)
