candidate_id,expression_hash,generator_arm,factor_lane,expression,split,horizon_min,curve_count,day_count,net_mean_return,raw_mean_return,net_hit_rate,minute_sortino,day_sortino,day_mcmc_sortino_p25,day_mcmc_sortino_median,day_mcmc_prob_sortino_gt_0,max_drawdown,mean_one_way_turnover
phase3cp_00016,c70cc97d5c573accb984ae6f,typed_ast_fresh,cem_interaction::rx_range_location::rx_opening_amount::spread,"CSRank(Sub(ZScore(Sub(Div(Sub($close,$low),Add(Abs(Sub($high,$low)),0.000001)),Mean(Div(Sub($close,$low),Add(Abs(Sub($high,$low)),0.000001)),2))),ZScore(Div($m1_first30_vol,Add(Abs($volume),0.000001)))))",train,equal_weight_horizon_sleeves,15,15,-0.0014231701,-0.0006979936,0,-0.96163452,-0.96163452,-0.97254808,-0.96518527,0,-0.0211374,0.72517649
phase3cp_00016,c70cc97d5c573accb984ae6f,typed_ast_fresh,cem_interaction::rx_range_location::rx_opening_amount::spread,"CSRank(Sub(ZScore(Sub(Div(Sub($close,$low),Add(Abs(Sub($high,$low)),0.000001)),Mean(Div(Sub($close,$low),Add(Abs(Sub($high,$low)),0.000001)),2))),ZScore(Div($m1_first30_vol,Add(Abs($volume),0.000001)))))",train,1,15,15,-0.0012351374,-0.0005099609,0,-0.96071057,-0.96071057,-0.97424757,-0.96411598,0,-0.01836867,0.72517649
phase3cp_00016,c70cc97d5c573accb984ae6f,typed_ast_fresh,cem_interaction::rx_range_location::rx_opening_amount::spread,"CSRank(Sub(ZScore(Sub(Div(Sub($close,$low),Add(Abs(Sub($high,$low)),0.000001)),Mean(Div(Sub($close,$low),Add(Abs(Sub($high,$low)),0.000001)),2))),ZScore(Div($m1_first30_vol,Add(Abs($volume),0.000001)))))",train,5,15,15,-0.0014422491,-0.0007170726,0,-0.94267228,-0.94267228,-0.95644095,-0.94782777,0,-0.02141861,0.72517649
phase3cp_00016,c70cc97d5c573accb984ae6f,typed_ast_fresh,cem_interaction::rx_range_location::rx_opening_amount::spread,"CSRank(Sub(ZScore(Sub(Div(Sub($close,$low),Add(Abs(Sub($high,$low)),0.000001)),Mean(Div(Sub($close,$low),Add(Abs(Sub($high,$low)),0.000001)),2))),ZScore(Div($m1_first30_vol,Add(Abs($volume),0.000001)))))",train,15,15,15,-0.0015921239,-0.0008669475,0,-0.94218101,-0.94218101,-0.95787613,-0.94667819,0,-0.02361988,0.72517649
phase3cp_00016,c70cc97d5c573accb984ae6f,typed_ast_fresh,cem_interaction::rx_range_location::rx_opening_amount::spread,"CSRank(Sub(ZScore(Sub(Div(Sub($close,$low),Add(Abs(Sub($high,$low)),0.000001)),Mean(Div(Sub($close,$low),Add(Abs(Sub($high,$low)),0.000001)),2))),ZScore(Div($m1_first30_vol,Add(Abs($volume),0.000001)))))",validation,equal_weight_horizon_sleeves,6,6,-0.001164808,-0.0004615404,0,-0.92128683,-0.92128683,-0.98128662,-0.92252955,0,-0.00696925,0.7032676
phase3cp_00016,c70cc97d5c573accb984ae6f,typed_ast_fresh,cem_interaction::rx_range_location::rx_opening_amount::spread,"CSRank(Sub(ZScore(Sub(Div(Sub($close,$low),Add(Abs(Sub($high,$low)),0.000001)),Mean(Div(Sub($close,$low),Add(Abs(Sub($high,$low)),0.000001)),2))),ZScore(Div($m1_first30_vol,Add(Abs($volume),0.000001)))))",validation,1,6,6,-0.0010605863,-0.0003573187,0,-0.93197172,-0.93197172,-0.97876796,-0.93798767,0,-0.00634718,0.7032676
phase3cp_00016,c70cc97d5c573accb984ae6f,typed_ast_fresh,cem_interaction::rx_range_location::rx_opening_amount::spread,"CSRank(Sub(ZScore(Sub(Div(Sub($close,$low),Add(Abs(Sub($high,$low)),0.000001)),Mean(Div(Sub($close,$low),Add(Abs(Sub($high,$low)),0.000001)),2))),ZScore(Div($m1_first30_vol,Add(Abs($volume),0.000001)))))",validation,5,6,6,-0.001272136,-0.0005688684,0,-0.91525574,-0.91525574,-0.95201294,-0.91587249,0,-0.00760952,0.7032676
phase3cp_00016,c70cc97d5c573accb984ae6f,typed_ast_fresh,cem_interaction::rx_range_location::rx_opening_amount::spread,"CSRank(Sub(ZScore(Sub(Div(Sub($close,$low),Add(Abs(Sub($high,$low)),0.000001)),Mean(Div(Sub($close,$low),Add(Abs(Sub($high,$low)),0.000001)),2))),ZScore(Div($m1_first30_vol,Add(Abs($volume),0.000001)))))",validation,15,6,6,-0.0011617016,-0.000458434,0.16666667,-0.86398713,-0.86398713,-0.9697369,-0.86943088,0,-0.00695138,0.7032676
phase3cp_00016,c70cc97d5c573accb984ae6f,typed_ast_fresh,cem_interaction::rx_range_location::rx_opening_amount::spread,"CSRank(Sub(ZScore(Sub(Div(Sub($close,$low),Add(Abs(Sub($high,$low)),0.000001)),Mean(Div(Sub($close,$low),Add(Abs(Sub($high,$low)),0.000001)),2))),ZScore(Div($m1_first30_vol,Add(Abs($volume),0.000001)))))",holdout,equal_weight_horizon_sleeves,6,6,-0.001397702,-0.0007068193,0,-0.94535973,-0.94535973,-0.96941252,-0.95400536,0,-0.00835766,0.69088273
phase3cp_00016,c70cc97d5c573accb984ae6f,typed_ast_fresh,cem_interaction::rx_range_location::rx_opening_amount::spread,"CSRank(Sub(ZScore(Sub(Div(Sub($close,$low),Add(Abs(Sub($high,$low)),0.000001)),Mean(Div(Sub($close,$low),Add(Abs(Sub($high,$low)),0.000001)),2))),ZScore(Div($m1_first30_vol,Add(Abs($volume),0.000001)))))",holdout,1,6,6,-0.0010753383,-0.0003844556,0,-0.97820983,-0.97820983,-0.98745081,-0.98253207,0,-0.00643486,0.69088273
phase3cp_00016,c70cc97d5c573accb984ae6f,typed_ast_fresh,cem_interaction::rx_range_location::rx_opening_amount::spread,"CSRank(Sub(ZScore(Sub(Div(Sub($close,$low),Add(Abs(Sub($high,$low)),0.000001)),Mean(Div(Sub($close,$low),Add(Abs(Sub($high,$low)),0.000001)),2))),ZScore(Div($m1_first30_vol,Add(Abs($volume),0.000001)))))",holdout,5,6,6,-0.0011999985,-0.0005091158,0,-0.93485695,-0.93485695,-0.95839338,-0.94086563,0,-0.00717905,0.69088273
phase3cp_00016,c70cc97d5c573accb984ae6f,typed_ast_fresh,cem_interaction::rx_range_location::rx_opening_amount::spread,"CSRank(Sub(ZScore(Sub(Div(Sub($close,$low),Add(Abs(Sub($high,$low)),0.000001)),Mean(Div(Sub($close,$low),Add(Abs(Sub($high,$low)),0.000001)),2))),ZScore(Div($m1_first30_vol,Add(Abs($volume),0.000001)))))",holdout,15,6,6,-0.0019177692,-0.0012268865,0,-0.86572464,-0.86572464,-0.93149248,-0.89362648,0,-0.01145525,0.69088273
phase3cp_00012,eb4b97fd2cd1153daeddd57c,typed_ast_fresh,rx_interaction::rx_range_location::rx_opening_amount::spread,"CSRank(Sub(ZScore(Sub(Div(Sub($close,$low),Add(Abs(Sub($high,$low)),0.000001)),Mean(Div(Sub($close,$low),Add(Abs(Sub($high,$low)),0.000001)),8))),ZScore(Div($m1_first30_vol,Add(Abs($volume),0.000001)))))",train,equal_weight_horizon_sleeves,15,15,-0.0015938969,-0.0008687344,0,-0.96585504,-0.96585504,-0.97547741,-0.96793206,0,-0.02364488,0.72516255
phase3cp_00012,eb4b97fd2cd1153daeddd57c,typed_ast_fresh,rx_interaction::rx_range_location::rx_opening_amount::spread,"CSRank(Sub(ZScore(Sub(Div(Sub($close,$low),Add(Abs(Sub($high,$low)),0.000001)),Mean(Div(Sub($close,$low),Add(Abs(Sub($high,$low)),0.000001)),8))),ZScore(Div($m1_first30_vol,Add(Abs($volume),0.000001)))))",train,1,15,15,-0.0013686801,-0.0006435175,0,-0.96153038,-0.96153038,-0.97468303,-0.96435834,0,-0.02033579,0.72516255
phase3cp_00012,eb4b97fd2cd1153daeddd57c,typed_ast_fresh,rx_interaction::rx_range_location::rx_opening_amount::spread,"CSRank(Sub(ZScore(Sub(Div(Sub($close,$low),Add(Abs(Sub($high,$low)),0.000001)),Mean(Div(Sub($close,$low),Add(Abs(Sub($high,$low)),0.000001)),8))),ZScore(Div($m1_first30_vol,Add(Abs($volume),0.000001)))))",train,5,15,15,-0.0015530154,-0.0008278529,0,-0.96641964,-0.96641964,-0.97998839,-0.96963827,0,-0.02304494,0.72516255
phase3cp_00012,eb4b97fd2cd1153daeddd57c,typed_ast_fresh,rx_interaction::rx_range_location::rx_opening_amount::spread,"CSRank(Sub(ZScore(Sub(Div(Sub($close,$low),Add(Abs(Sub($high,$low)),0.000001)),Mean(Div(Sub($close,$low),Add(Abs(Sub($high,$low)),0.000001)),8))),ZScore(Div($m1_first30_vol,Add(Abs($volume),0.000001)))))",train,15,15,15,-0.0018599952,-0.0011348326,0,-0.92580123,-0.92580123,-0.95121188,-0.93212402,0,-0.0275438,0.72516255
phase3cp_00012,eb4b97fd2cd1153daeddd57c,typed_ast_fresh,rx_interaction::rx_range_location::rx_opening_amount::spread,"CSRank(Sub(ZScore(Sub(Div(Sub($close,$low),Add(Abs(Sub($high,$low)),0.000001)),Mean(Div(Sub($close,$low),Add(Abs(Sub($high,$low)),0.000001)),8))),ZScore(Div($m1_first30_vol,Add(Abs($volume),0.000001)))))",validation,equal_weight_horizon_sleeves,6,6,-0.0013764818,-0.0006664845,0,-0.97779251,-0.97779251,-0.98932818,-0.98086879,0,-0.00823078,0.70999727
phase3cp_00012,eb4b97fd2cd1153daeddd57c,typed_ast_fresh,rx_interaction::rx_range_location::rx_opening_amount::spread,"CSRank(Sub(ZScore(Sub(Div(Sub($close,$low),Add(Abs(Sub($high,$low)),0.000001)),Mean(Div(Sub($close,$low),Add(Abs(Sub($high,$low)),0.000001)),8))),ZScore(Div($m1_first30_vol,Add(Abs($volume),0.000001)))))",validation,1,6,6,-0.0013261557,-0.0006161585,0,-0.96893686,-0.96893686,-0.98978626,-0.97296363,0,-0.00793094,0.70999727
phase3cp_00012,eb4b97fd2cd1153daeddd57c,typed_ast_fresh,rx_interaction::rx_range_location::rx_opening_amount::spread,"CSRank(Sub(ZScore(Sub(Div(Sub($close,$low),Add(Abs(Sub($high,$low)),0.000001)),Mean(Div(Sub($close,$low),Add(Abs(Sub($high,$low)),0.000001)),8))),ZScore(Div($m1_first30_vol,Add(Abs($volume),0.000001)))))",validation,5,6,6,-0.0013448008,-0.0006348036,0,-0.9467913,-0.9467913,-0.97623443,-0.95556898,0,-0.00804235,0.70999727
phase3cp_00012,eb4b97fd2cd1153daeddd57c,typed_ast_fresh,rx_interaction::rx_range_location::rx_opening_amount::spread,"CSRank(Sub(ZScore(Sub(Div(Sub($close,$low),Add(Abs(Sub($high,$low)),0.000001)),Mean(Div(Sub($close,$low),Add(Abs(Sub($high,$low)),0.000001)),8))),ZScore(Div($m1_first30_vol,Add(Abs($volume),0.000001)))))",validation,15,6,6,-0.0014584888,-0.0007484915,0,-0.97409402,-0.97409402,-0.99314897,-0.97486283,0,-0.00871943,0.70999727
phase3cp_00012,eb4b97fd2cd1153daeddd57c,typed_ast_fresh,rx_interaction::rx_range_location::rx_opening_amount::spread,"CSRank(Sub(ZScore(Sub(Div(Sub($close,$low),Add(Abs(Sub($high,$low)),0.000001)),Mean(Div(Sub($close,$low),Add(Abs(Sub($high,$low)),0.000001)),8))),ZScore(Div($m1_first30_vol,Add(Abs($volume),0.000001)))))",holdout,equal_weight_horizon_sleeves,6,6,-0.0017601122,-0.0010648982,0,-0.91695895,-0.91695895,-0.97401165,-0.93576258,0,-0.01051606,0.69521406
phase3cp_00012,eb4b97fd2cd1153daeddd57c,typed_ast_fresh,rx_interaction::rx_range_location::rx_opening_amount::spread,"CSRank(Sub(ZScore(Sub(Div(Sub($close,$low),Add(Abs(Sub($high,$low)),0.000001)),Mean(Div(Sub($close,$low),Add(Abs(Sub($high,$low)),0.000001)),8))),ZScore(Div($m1_first30_vol,Add(Abs($volume),0.000001)))))",holdout,1,6,6,-0.001289316,-0.000594102,0,-0.9581278,-0.9581278,-0.98451498,-0.96482386,0,-0.00771145,0.69521406
phase3cp_00012,eb4b97fd2cd1153daeddd57c,typed_ast_fresh,rx_interaction::rx_range_location::rx_opening_amount::spread,"CSRank(Sub(ZScore(Sub(Div(Sub($close,$low),Add(Abs(Sub($high,$low)),0.000001)),Mean(Div(Sub($close,$low),Add(Abs(Sub($high,$low)),0.000001)),8))),ZScore(Div($m1_first30_vol,Add(Abs($volume),0.000001)))))",holdout,5,6,6,-0.0013410951,-0.000645881,0,-0.94483449,-0.94483449,-0.97974851,-0.9504725,0,-0.00802029,0.69521406
phase3cp_00012,eb4b97fd2cd1153daeddd57c,typed_ast_fresh,rx_interaction::rx_range_location::rx_opening_amount::spread,"CSRank(Sub(ZScore(Sub(Div(Sub($close,$low),Add(Abs(Sub($high,$low)),0.000001)),Mean(Div(Sub($close,$low),Add(Abs(Sub($high,$low)),0.000001)),8))),ZScore(Div($m1_first30_vol,Add(Abs($volume),0.000001)))))",holdout,15,6,6,-0.0026499256,-0.0019547115,0,-0.76804291,-0.76804291,-0.94737617,-0.81130927,0,-0.01580912,0.69521406
phase3cp_00014,de754dc2683bb8910406faab,typed_ast_fresh,rx_interaction::rx_opening_amount::rx_range_location::product,"CSRank(Mul(ZScore(Div($m1_first5_amount,Add(Abs($amount),0.000001))),ZScore(Std(Div(Sub($high,$low),Add(Abs($open),0.000001)),5))))",train,equal_weight_horizon_sleeves,18,18,-0.0004749994,0.0001412701,0.11111111,-0.74277313,-0.74277313,-0.81392522,-0.75697362,0,-0.00851739,0.61626952
phase3cp_00014,de754dc2683bb8910406faab,typed_ast_fresh,rx_interaction::rx_opening_amount::rx_range_location::product,"CSRank(Mul(ZScore(Div($m1_first5_amount,Add(Abs($amount),0.000001))),ZScore(Std(Div(Sub($high,$low),Add(Abs($open),0.000001)),5))))",train,1,18,18,-0.0006027811,1.34884e-05,0.05555556,-0.89207948,-0.89207948,-0.92347868,-0.8970254,0,-0.01079548,0.61626952
phase3cp_00014,de754dc2683bb8910406faab,typed_ast_fresh,rx_interaction::rx_opening_amount::rx_range_location::product,"CSRank(Mul(ZScore(Div($m1_first5_amount,Add(Abs($amount),0.000001))),ZScore(Std(Div(Sub($high,$low),Add(Abs($open),0.000001)),5))))",train,5,18,18,-0.0005866139,2.96556e-05,0.05555556,-0.76672736,-0.76672736,-0.814102,-0.77848276,0,-0.01050874,0.61626952
phase3cp_00014,de754dc2683bb8910406faab,typed_ast_fresh,rx_interaction::rx_opening_amount::rx_range_location::product,"CSRank(Mul(ZScore(Div($m1_first5_amount,Add(Abs($amount),0.000001))),ZScore(Std(Div(Sub($high,$low),Add(Abs($open),0.000001)),5))))",train,15,18,18,-0.0002356033,0.0003806662,0.38888889,-0.31747029,-0.31747029,-0.49151504,-0.33879083,0.11666667,-0.00423947,0.61626952
phase3cp_00014,de754dc2683bb8910406faab,typed_ast_fresh,rx_interaction::rx_opening_amount::rx_range_location::product,"CSRank(Mul(ZScore(Div($m1_first5_amount,Add(Abs($amount),0.000001))),ZScore(Std(Div(Sub($high,$low),Add(Abs($open),0.000001)),5))))",validation,equal_weight_horizon_sleeves,6,6,-0.0006689013,-5.46197e-05,0.16666667,-0.71103792,-0.71103792,-0.79721899,-0.7409696,0,-0.00400801,0.61428165
phase3cp_00014,de754dc2683bb8910406faab,typed_ast_fresh,rx_interaction::rx_opening_amount::rx_range_location::product,"CSRank(Mul(ZScore(Div($m1_first5_amount,Add(Abs($amount),0.000001))),ZScore(Std(Div(Sub($high,$low),Add(Abs($open),0.000001)),5))))",validation,1,6,6,-0.0007349088,-0.0001206271,0,-0.95148067,-0.95148067,-0.97271481,-0.96376839,0,-0.00440153,0.61428165
phase3cp_00014,de754dc2683bb8910406faab,typed_ast_fresh,rx_interaction::rx_opening_amount::rx_range_location::product,"CSRank(Mul(ZScore(Div($m1_first5_amount,Add(Abs($amount),0.000001))),ZScore(Std(Div(Sub($high,$low),Add(Abs($open),0.000001)),5))))",validation,5,6,6,-0.0007550538,-0.0001407721,0,-0.81103497,-0.81103497,-0.88272604,-0.840263,0,-0.00452267,0.61428165
phase3cp_00014,de754dc2683bb8910406faab,typed_ast_fresh,rx_interaction::rx_opening_amount::rx_range_location::product,"CSRank(Mul(ZScore(Div($m1_first5_amount,Add(Abs($amount),0.000001))),ZScore(Std(Div(Sub($high,$low),Add(Abs($open),0.000001)),5))))",validation,15,6,6,-0.0005167414,9.75403e-05,0.66666667,-0.38259484,-0.38259484,-0.56828707,-0.39785664,0.11743119,-0.00459644,0.61428165
phase3cp_00014,de754dc2683bb8910406faab,typed_ast_fresh,rx_interaction::rx_opening_amount::rx_range_location::product,"CSRank(Mul(ZScore(Div($m1_first5_amount,Add(Abs($amount),0.000001))),ZScore(Std(Div(Sub($high,$low),Add(Abs($open),0.000001)),5))))",holdout,equal_weight_horizon_sleeves,6,6,-0.0009250818,-0.0003560311,0,-0.96612032,-0.96612032,-0.98120723,-0.97227934,0,-0.00553785,0.56905069
phase3cp_00014,de754dc2683bb8910406faab,typed_ast_fresh,rx_interaction::rx_opening_amount::rx_range_location::product,"CSRank(Mul(ZScore(Div($m1_first5_amount,Add(Abs($amount),0.000001))),ZScore(Std(Div(Sub($high,$low),Add(Abs($open),0.000001)),5))))",holdout,1,6,6,-0.0006773219,-0.0001082712,0,-0.92882335,-0.92882335,-0.96054122,-0.93930443,0,-0.00405727,0.56905069
phase3cp_00014,de754dc2683bb8910406faab,typed_ast_fresh,rx_interaction::rx_opening_amount::rx_range_location::product,"CSRank(Mul(ZScore(Div($m1_first5_amount,Add(Abs($amount),0.000001))),ZScore(Std(Div(Sub($high,$low),Add(Abs($open),0.000001)),5))))",holdout,5,6,6,-0.0009307133,-0.0003616626,0,-0.95793809,-0.95793809,-0.98072485,-0.96648244,0,-0.00557153,0.56905069
phase3cp_00014,de754dc2683bb8910406faab,typed_ast_fresh,rx_interaction::rx_opening_amount::rx_range_location::product,"CSRank(Mul(ZScore(Div($m1_first5_amount,Add(Abs($amount),0.000001))),ZScore(Std(Div(Sub($high,$low),Add(Abs($open),0.000001)),5))))",holdout,15,6,6,-0.0011672101,-0.0005981594,0.16666667,-0.85504208,-0.85504208,-0.94234522,-0.8663351,0,-0.00705337,0.56905069
phase3cp_00002,fa31569138d684c28bd7dde3,rx_ucb_fresh,rx_interaction::rx_opening_amount::rx_range_location::spread,"CSRank(Sub(ZScore(Div($m1_first5_amount,Add(Abs($amount),0.000001))),ZScore(Std(Div(Sub($high,$low),Add(Abs($open),0.000001)),30))))",train,equal_weight_horizon_sleeves,17,17,-0.0002890651,0.0001231892,0.35294118,-0.52805141,-0.52805141,-0.67416589,-0.55507968,0.02833333,-0.00490545,0.41225427
phase3cp_00002,fa31569138d684c28bd7dde3,rx_ucb_fresh,rx_interaction::rx_opening_amount::rx_range_location::spread,"CSRank(Sub(ZScore(Div($m1_first5_amount,Add(Abs($amount),0.000001))),ZScore(Std(Div(Sub($high,$low),Add(Abs($open),0.000001)),30))))",train,1,17,17,-0.0003779906,3.42636e-05,0.11764706,-0.73773078,-0.73773078,-0.80785142,-0.74903008,0,-0.00640754,0.41225427
phase3cp_00002,fa31569138d684c28bd7dde3,rx_ucb_fresh,rx_interaction::rx_opening_amount::rx_range_location::spread,"CSRank(Sub(ZScore(Div($m1_first5_amount,Add(Abs($amount),0.000001))),ZScore(Std(Div(Sub($high,$low),Add(Abs($open),0.000001)),30))))",train,5,17,17,-0.0004348285,-2.25742e-05,0.29411765,-0.55905948,-0.55905948,-0.65872794,-0.57664372,0,-0.00737039,0.41225427
phase3cp_00002,fa31569138d684c28bd7dde3,rx_ucb_fresh,rx_interaction::rx_opening_amount::rx_range_location::spread,"CSRank(Sub(ZScore(Div($m1_first5_amount,Add(Abs($amount),0.000001))),ZScore(Std(Div(Sub($high,$low),Add(Abs($open),0.000001)),30))))",train,15,17,17,-5.43762e-05,0.0003578781,0.52941176,-0.06870426,-0.06870426,-0.31176175,-0.08782107,0.40833333,-0.00310296,0.41225427
phase3cp_00002,fa31569138d684c28bd7dde3,rx_ucb_fresh,rx_interaction::rx_opening_amount::rx_range_location::spread,"CSRank(Sub(ZScore(Div($m1_first5_amount,Add(Abs($amount),0.000001))),ZScore(Std(Div(Sub($high,$low),Add(Abs($open),0.000001)),30))))",validation,equal_weight_horizon_sleeves,6,6,-0.0004012755,-3.66779e-05,0.16666667,-0.66896722,-0.66896722,-0.93526417,-0.67702548,0.04,-0.00240608,0.36459761
phase3cp_00002,fa31569138d684c28bd7dde3,rx_ucb_fresh,rx_interaction::rx_opening_amount::rx_range_location::spread,"CSRank(Sub(ZScore(Div($m1_first5_amount,Add(Abs($amount),0.000001))),ZScore(Std(Div(Sub($high,$low),Add(Abs($open),0.000001)),30))))",validation,1,6,6,-0.0003740597,-9.462e-06,0,-0.95267995,-0.95267995,-0.97174493,-0.96042688,0,-0.0022423,0.36459761
phase3cp_00002,fa31569138d684c28bd7dde3,rx_ucb_fresh,rx_interaction::rx_opening_amount::rx_range_location::spread,"CSRank(Sub(ZScore(Div($m1_first5_amount,Add(Abs($amount),0.000001))),ZScore(Std(Div(Sub($high,$low),Add(Abs($open),0.000001)),30))))",validation,5,6,6,-0.0005448725,-0.0001802749,0.16666667,-0.69785205,-0.69785205,-0.87443029,-0.72739177,0.015,-0.00326584,0.36459761
phase3cp_00002,fa31569138d684c28bd7dde3,rx_ucb_fresh,rx_interaction::rx_opening_amount::rx_range_location::spread,"CSRank(Sub(ZScore(Div($m1_first5_amount,Add(Abs($amount),0.000001))),ZScore(Std(Div(Sub($high,$low),Add(Abs($open),0.000001)),30))))",validation,15,6,6,-0.0002848945,7.97031e-05,0.16666667,-0.32656039,-0.32656039,-0.75481853,-0.3603766,0.28333333,-0.0028568,0.36459761
phase3cp_00002,fa31569138d684c28bd7dde3,rx_ucb_fresh,rx_interaction::rx_opening_amount::rx_range_location::spread,"CSRank(Sub(ZScore(Div($m1_first5_amount,Add(Abs($amount),0.000001))),ZScore(Std(Div(Sub($high,$low),Add(Abs($open),0.000001)),30))))",holdout,equal_weight_horizon_sleeves,6,6,-0.0006020681,-0.0002480178,0.16666667,-0.64925742,-0.64925742,-0.84659086,-0.67422875,0.03333333,-0.00431867,0.35405033
phase3cp_00002,fa31569138d684c28bd7dde3,rx_ucb_fresh,rx_interaction::rx_opening_amount::rx_range_location::spread,"CSRank(Sub(ZScore(Div($m1_first5_amount,Add(Abs($amount),0.000001))),ZScore(Std(Div(Sub($high,$low),Add(Abs($open),0.000001)),30))))",holdout,1,6,6,-0.0003723125,-1.82621e-05,0,-0.89983666,-0.89983666,-0.94262932,-0.90573312,0,-0.00223189,0.35405033
phase3cp_00002,fa31569138d684c28bd7dde3,rx_ucb_fresh,rx_interaction::rx_opening_amount::rx_range_location::spread,"CSRank(Sub(ZScore(Div($m1_first5_amount,Add(Abs($amount),0.000001))),ZScore(Std(Div(Sub($high,$low),Add(Abs($open),0.000001)),30))))",holdout,5,6,6,-0.0006482612,-0.0002942109,0.16666667,-0.77002203,-0.77002203,-0.8918442,-0.81167929,0,-0.0041204,0.35405033
phase3cp_00002,fa31569138d684c28bd7dde3,rx_ucb_fresh,rx_interaction::rx_opening_amount::rx_range_location::spread,"CSRank(Sub(ZScore(Div($m1_first5_amount,Add(Abs($amount),0.000001))),ZScore(Std(Div(Sub($high,$low),Add(Abs($open),0.000001)),30))))",holdout,15,6,6,-0.0007856307,-0.0004315803,0.16666667,-0.48692206,-0.48692206,-0.77833609,-0.49042408,0.14333333,-0.00680897,0.35405033
phase3cp_00009,d79ef720c2510971b68cb4e3,rx_ucb_fresh,rx_interaction::rx_opening_amount::rx_range_location::spread,"CSRank(Sub(ZScore(Div($m1_first15_amount,Add(Abs($amount),0.000001))),ZScore(Std(Div(Sub($high,$low),Add(Abs($open),0.000001)),8))))",train,equal_weight_horizon_sleeves,17,17,-0.0004901384,0.0001075665,0.05882353,-0.80287671,-0.80287671,-0.89615558,-0.81464872,0,-0.00830118,0.59770498
phase3cp_00009,d79ef720c2510971b68cb4e3,rx_ucb_fresh,rx_interaction::rx_opening_amount::rx_range_location::spread,"CSRank(Sub(ZScore(Div($m1_first15_amount,Add(Abs($amount),0.000001))),ZScore(Std(Div(Sub($high,$low),Add(Abs($open),0.000001)),8))))",train,1,17,17,-0.0005234943,7.42107e-05,0.05882353,-0.87388393,-0.87388393,-0.91684514,-0.88398157,0,-0.00886297,0.59770498
phase3cp_00009,d79ef720c2510971b68cb4e3,rx_ucb_fresh,rx_interaction::rx_opening_amount::rx_range_location::spread,"CSRank(Sub(ZScore(Div($m1_first15_amount,Add(Abs($amount),0.000001))),ZScore(Std(Div(Sub($high,$low),Add(Abs($open),0.000001)),8))))",train,5,17,17,-0.0005210018,7.67032e-05,0.17647059,-0.71361914,-0.71361914,-0.7909824,-0.72888499,0,-0.00882262,0.59770498
phase3cp_00009,d79ef720c2510971b68cb4e3,rx_ucb_fresh,rx_interaction::rx_opening_amount::rx_range_location::spread,"CSRank(Sub(ZScore(Div($m1_first15_amount,Add(Abs($amount),0.000001))),ZScore(Std(Div(Sub($high,$low),Add(Abs($open),0.000001)),8))))",train,15,17,17,-0.0004259192,0.0001717858,0.29411765,-0.50835072,-0.50835072,-0.63766277,-0.53072286,0.02,-0.00722192,0.59770498
phase3cp_00009,d79ef720c2510971b68cb4e3,rx_ucb_fresh,rx_interaction::rx_opening_amount::rx_range_location::spread,"CSRank(Sub(ZScore(Div($m1_first15_amount,Add(Abs($amount),0.000001))),ZScore(Std(Div(Sub($high,$low),Add(Abs($open),0.000001)),8))))",validation,equal_weight_horizon_sleeves,6,6,-0.000680772,-9.93443e-05,0.16666667,-0.7971145,-0.7971145,-0.89741322,-0.81885831,0,-0.00407849,0.58142769
phase3cp_00009,d79ef720c2510971b68cb4e3,rx_ucb_fresh,rx_interaction::rx_opening_amount::rx_range_location::spread,"CSRank(Sub(ZScore(Div($m1_first15_amount,Add(Abs($amount),0.000001))),ZScore(Std(Div(Sub($high,$low),Add(Abs($open),0.000001)),8))))",validation,1,6,6,-0.0007305697,-0.000149142,0,-0.98608621,-0.98608621,-0.99174621,-0.98855347,0,-0.00437547,0.58142769
phase3cp_00009,d79ef720c2510971b68cb4e3,rx_ucb_fresh,rx_interaction::rx_opening_amount::rx_range_location::spread,"CSRank(Sub(ZScore(Div($m1_first15_amount,Add(Abs($amount),0.000001))),ZScore(Std(Div(Sub($high,$low),Add(Abs($open),0.000001)),8))))",validation,5,6,6,-0.0007625904,-0.0001811627,0,-0.87683053,-0.87683053,-0.97447939,-0.89257312,0,-0.00456735,0.58142769
phase3cp_00009,d79ef720c2510971b68cb4e3,rx_ucb_fresh,rx_interaction::rx_opening_amount::rx_range_location::spread,"CSRank(Sub(ZScore(Div($m1_first15_amount,Add(Abs($amount),0.000001))),ZScore(Std(Div(Sub($high,$low),Add(Abs($open),0.000001)),8))))",validation,15,6,6,-0.0005491558,3.22719e-05,0.16666667,-0.50348997,-0.50348997,-0.76485028,-0.51955063,0.09666667,-0.00378274,0.58142769
phase3cp_00009,d79ef720c2510971b68cb4e3,rx_ucb_fresh,rx_interaction::rx_opening_amount::rx_range_location::spread,"CSRank(Sub(ZScore(Div($m1_first15_amount,Add(Abs($amount),0.000001))),ZScore(Std(Div(Sub($high,$low),Add(Abs($open),0.000001)),8))))",holdout,equal_weight_horizon_sleeves,6,6,-0.0007986439,-0.0002442517,0,-0.89780108,-0.89780108,-0.93958022,-0.91808378,0,-0.00478276,0.55439218
phase3cp_00009,d79ef720c2510971b68cb4e3,rx_ucb_fresh,rx_interaction::rx_opening_amount::rx_range_location::spread,"CSRank(Sub(ZScore(Div($m1_first15_amount,Add(Abs($amount),0.000001))),ZScore(Std(Div(Sub($high,$low),Add(Abs($open),0.000001)),8))))",holdout,1,6,6,-0.0006257047,-7.13125e-05,0,-0.94830222,-0.94830222,-0.96898111,-0.95478277,0,-0.00374849,0.55439218
phase3cp_00009,d79ef720c2510971b68cb4e3,rx_ucb_fresh,rx_interaction::rx_opening_amount::rx_range_location::spread,"CSRank(Sub(ZScore(Div($m1_first15_amount,Add(Abs($amount),0.000001))),ZScore(Std(Div(Sub($high,$low),Add(Abs($open),0.000001)),8))))",holdout,5,6,6,-0.0009134499,-0.0003590577,0,-0.96309576,-0.96309576,-0.97868133,-0.96984831,0,-0.00546839,0.55439218
phase3cp_00009,d79ef720c2510971b68cb4e3,rx_ucb_fresh,rx_interaction::rx_opening_amount::rx_range_location::spread,"CSRank(Sub(ZScore(Div($m1_first15_amount,Add(Abs($amount),0.000001))),ZScore(Std(Div(Sub($high,$low),Add(Abs($open),0.000001)),8))))",holdout,15,6,6,-0.000856777,-0.0003023848,0.33333333,-0.66289667,-0.66289667,-0.78318579,-0.68308177,0.00670017,-0.00555746,0.55439218
phase3cp_00003,f935251770c9667bfc4d7cbd,rx_ucb_fresh,rx_interaction::rx_range_location::rx_opening_amount::product,"CSRank(Mul(ZScore(Sub(Div(Sub($close,$low),Add(Abs(Sub($high,$low)),0.000001)),Mean(Div(Sub($close,$low),Add(Abs(Sub($high,$low)),0.000001)),5))),ZScore(Div($m1_first5_vol,Add(Abs($volume),0.000001)))))",train,equal_weight_horizon_sleeves,18,18,5.11548e-05,0.0007645929,0.55555556,0.11524058,0.11524058,-0.15866998,0.08185721,0.595,-0.00310623,0.71343811
phase3cp_00003,f935251770c9667bfc4d7cbd,rx_ucb_fresh,rx_interaction::rx_range_location::rx_opening_amount::product,"CSRank(Mul(ZScore(Sub(Div(Sub($close,$low),Add(Abs(Sub($high,$low)),0.000001)),Mean(Div(Sub($close,$low),Add(Abs(Sub($high,$low)),0.000001)),5))),ZScore(Div($m1_first5_vol,Add(Abs($volume),0.000001)))))",train,1,18,18,-0.0001186596,0.0005947785,0.44444444,-0.26848687,-0.26848687,-0.42004088,-0.28888237,0.16,-0.00277982,0.71343811
phase3cp_00003,f935251770c9667bfc4d7cbd,rx_ucb_fresh,rx_interaction::rx_range_location::rx_opening_amount::product,"CSRank(Mul(ZScore(Sub(Div(Sub($close,$low),Add(Abs(Sub($high,$low)),0.000001)),Mean(Div(Sub($close,$low),Add(Abs(Sub($high,$low)),0.000001)),5))),ZScore(Div($m1_first5_vol,Add(Abs($volume),0.000001)))))",train,5,18,18,1.02691e-05,0.0007237072,0.55555556,0.02187942,0.02187942,-0.18819633,0.0095994,0.51,-0.00264706,0.71343811
phase3cp_00003,f935251770c9667bfc4d7cbd,rx_ucb_fresh,rx_interaction::rx_range_location::rx_opening_amount::product,"CSRank(Mul(ZScore(Sub(Div(Sub($close,$low),Add(Abs(Sub($high,$low)),0.000001)),Mean(Div(Sub($close,$low),Add(Abs(Sub($high,$low)),0.000001)),5))),ZScore(Div($m1_first5_vol,Add(Abs($volume),0.000001)))))",train,15,18,18,0.0002618549,0.000975293,0.61111111,0.41305999,0.41305999,0.05854434,0.42104065,0.795,-0.00422045,0.71343811
phase3cp_00003,f935251770c9667bfc4d7cbd,rx_ucb_fresh,rx_interaction::rx_range_location::rx_opening_amount::product,"CSRank(Mul(ZScore(Sub(Div(Sub($close,$low),Add(Abs(Sub($high,$low)),0.000001)),Mean(Div(Sub($close,$low),Add(Abs(Sub($high,$low)),0.000001)),5))),ZScore(Div($m1_first5_vol,Add(Abs($volume),0.000001)))))",validation,equal_weight_horizon_sleeves,6,6,7.48041e-05,0.0007822067,0.66666667,0.80293969,0.80293969,0.12345363,0.80293969,0.79927667,-0.00027912,0.70740258
phase3cp_00003,f935251770c9667bfc4d7cbd,rx_ucb_fresh,rx_interaction::rx_range_location::rx_opening_amount::product,"CSRank(Mul(ZScore(Sub(Div(Sub($close,$low),Add(Abs(Sub($high,$low)),0.000001)),Mean(Div(Sub($close,$low),Add(Abs(Sub($high,$low)),0.000001)),5))),ZScore(Div($m1_first5_vol,Add(Abs($volume),0.000001)))))",validation,1,6,6,-6.68014e-05,0.0006406011,0.33333333,-0.32010533,-0.32010533,-0.71126759,-0.37279115,0.27333333,-0.00091154,0.70740258
phase3cp_00003,f935251770c9667bfc4d7cbd,rx_ucb_fresh,rx_interaction::rx_range_location::rx_opening_amount::product,"CSRank(Mul(ZScore(Sub(Div(Sub($close,$low),Add(Abs(Sub($high,$low)),0.000001)),Mean(Div(Sub($close,$low),Add(Abs(Sub($high,$low)),0.000001)),5))),ZScore(Div($m1_first5_vol,Add(Abs($volume),0.000001)))))",validation,5,6,6,8.14183e-05,0.0007888209,0.5,0.78601876,0.78601876,-0.02379479,0.69730524,0.74702886,-0.00038874,0.70740258
phase3cp_00003,f935251770c9667bfc4d7cbd,rx_ucb_fresh,rx_interaction::rx_range_location::rx_opening_amount::product,"CSRank(Mul(ZScore(Sub(Div(Sub($close,$low),Add(Abs(Sub($high,$low)),0.000001)),Mean(Div(Sub($close,$low),Add(Abs(Sub($high,$low)),0.000001)),5))),ZScore(Div($m1_first5_vol,Add(Abs($volume),0.000001)))))",validation,15,6,6,0.0002097954,0.000917198,0.66666667,4.37763745,4.37763745,2.62993105,4.2515392,0.97977941,-0.00016582,0.70740258
phase3cp_00003,f935251770c9667bfc4d7cbd,rx_ucb_fresh,rx_interaction::rx_range_location::rx_opening_amount::product,"CSRank(Mul(ZScore(Sub(Div(Sub($close,$low),Add(Abs(Sub($high,$low)),0.000001)),Mean(Div(Sub($close,$low),Add(Abs(Sub($high,$low)),0.000001)),5))),ZScore(Div($m1_first5_vol,Add(Abs($volume),0.000001)))))",holdout,equal_weight_horizon_sleeves,6,6,-2.05587e-05,0.0006866919,0.5,-0.07317269,-0.07317269,-0.54875686,-0.11805526,0.40709459,-0.00103775,0.7072505
phase3cp_00003,f935251770c9667bfc4d7cbd,rx_ucb_fresh,rx_interaction::rx_range_location::rx_opening_amount::product,"CSRank(Mul(ZScore(Sub(Div(Sub($close,$low),Add(Abs(Sub($high,$low)),0.000001)),Mean(Div(Sub($close,$low),Add(Abs(Sub($high,$low)),0.000001)),5))),ZScore(Div($m1_first5_vol,Add(Abs($volume),0.000001)))))",holdout,1,6,6,-0.0002080494,0.0004992011,0.16666667,-0.64722573,-0.64722573,-0.86926114,-0.68331195,0.06166667,-0.00157856,0.7072505
phase3cp_00003,f935251770c9667bfc4d7cbd,rx_ucb_fresh,rx_interaction::rx_range_location::rx_opening_amount::product,"CSRank(Mul(ZScore(Sub(Div(Sub($close,$low),Add(Abs(Sub($high,$low)),0.000001)),Mean(Div(Sub($close,$low),Add(Abs(Sub($high,$low)),0.000001)),5))),ZScore(Div($m1_first5_vol,Add(Abs($volume),0.000001)))))",holdout,5,6,6,-0.0002306901,0.0004765604,0.16666667,-0.52603687,-0.52603687,-0.66058356,-0.55728876,0.03833333,-0.00148579,0.7072505
phase3cp_00003,f935251770c9667bfc4d7cbd,rx_ucb_fresh,rx_interaction::rx_range_location::rx_opening_amount::product,"CSRank(Mul(ZScore(Sub(Div(Sub($close,$low),Add(Abs(Sub($high,$low)),0.000001)),Mean(Div(Sub($close,$low),Add(Abs(Sub($high,$low)),0.000001)),5))),ZScore(Div($m1_first5_vol,Add(Abs($volume),0.000001)))))",holdout,15,6,6,0.0003770635,0.001084314,0.5,1.04067226,1.04067226,0.05734903,0.87986371,0.7670068,-0.00094901,0.7072505
phase3cp_00024,302c068ebfff8ae1c3e35c64,challenger_repair,cem_interaction::rx_range_location::rx_opening_amount::residual,"CSRank(CSResidual(CSRank(Sub(Div(Sub($close,$low),Add(Abs(Sub($high,$low)),0.000001)),Mean(Div(Sub($close,$low),Add(Abs(Sub($high,$low)),0.000001)),10))),CSRank(Div($m1_first5_vol,Add(Abs($volume),0.000001)))))",train,equal_weight_horizon_sleeves,18,18,-0.0017483721,-0.0010315481,0,-0.937892,-0.937892,-0.95429902,-0.94261878,0,-0.031011,0.71682401
phase3cp_00024,302c068ebfff8ae1c3e35c64,challenger_repair,cem_interaction::rx_range_location::rx_opening_amount::residual,"CSRank(CSResidual(CSRank(Sub(Div(Sub($close,$low),Add(Abs(Sub($high,$low)),0.000001)),Mean(Div(Sub($close,$low),Add(Abs(Sub($high,$low)),0.000001)),10))),CSRank(Div($m1_first5_vol,Add(Abs($volume),0.000001)))))",train,1,18,18,-0.0014391457,-0.0007223217,0,-0.95228936,-0.95228936,-0.96472743,-0.95349668,0,-0.02559203,0.71682401
phase3cp_00024,302c068ebfff8ae1c3e35c64,challenger_repair,cem_interaction::rx_range_location::rx_opening_amount::residual,"CSRank(CSResidual(CSRank(Sub(Div(Sub($close,$low),Add(Abs(Sub($high,$low)),0.000001)),Mean(Div(Sub($close,$low),Add(Abs(Sub($high,$low)),0.000001)),10))),CSRank(Div($m1_first5_vol,Add(Abs($volume),0.000001)))))",train,5,18,18,-0.0016920431,-0.0009752191,0,-0.95545153,-0.95545153,-0.96727468,-0.95967936,0,-0.03002506,0.71682401
phase3cp_00024,302c068ebfff8ae1c3e35c64,challenger_repair,cem_interaction::rx_range_location::rx_opening_amount::residual,"CSRank(CSResidual(CSRank(Sub(Div(Sub($close,$low),Add(Abs(Sub($high,$low)),0.000001)),Mean(Div(Sub($close,$low),Add(Abs(Sub($high,$low)),0.000001)),10))),CSRank(Div($m1_first5_vol,Add(Abs($volume),0.000001)))))",train,15,18,18,-0.0021139276,-0.0013971035,0,-0.87569975,-0.87569975,-0.90785503,-0.88608711,0,-0.03738646,0.71682401
phase3cp_00024,302c068ebfff8ae1c3e35c64,challenger_repair,cem_interaction::rx_range_location::rx_opening_amount::residual,"CSRank(CSResidual(CSRank(Sub(Div(Sub($close,$low),Add(Abs(Sub($high,$low)),0.000001)),Mean(Div(Sub($close,$low),Add(Abs(Sub($high,$low)),0.000001)),10))),CSRank(Div($m1_first5_vol,Add(Abs($volume),0.000001)))))",validation,equal_weight_horizon_sleeves,6,6,-0.0014175482,-0.0007101419,0,-0.97299854,-0.97299854,-0.98237623,-0.97606359,0,-0.00847554,0.70740629
phase3cp_00024,302c068ebfff8ae1c3e35c64,challenger_repair,cem_interaction::rx_range_location::rx_opening_amount::residual,"CSRank(CSResidual(CSRank(Sub(Div(Sub($close,$low),Add(Abs(Sub($high,$low)),0.000001)),Mean(Div(Sub($close,$low),Add(Abs(Sub($high,$low)),0.000001)),10))),CSRank(Div($m1_first5_vol,Add(Abs($volume),0.000001)))))",validation,1,6,6,-0.0013473703,-0.000639964,0,-0.96871439,-0.96871439,-0.98841471,-0.97386964,0,-0.0080574,0.70740629
phase3cp_00024,302c068ebfff8ae1c3e35c64,challenger_repair,cem_interaction::rx_range_location::rx_opening_amount::residual,"CSRank(CSResidual(CSRank(Sub(Div(Sub($close,$low),Add(Abs(Sub($high,$low)),0.000001)),Mean(Div(Sub($close,$low),Add(Abs(Sub($high,$low)),0.000001)),10))),CSRank(Div($m1_first5_vol,Add(Abs($volume),0.000001)))))",validation,5,6,6,-0.001364709,-0.0006573027,0,-0.94994641,-0.94994641,-0.9681862,-0.95593739,0,-0.00816097,0.70740629
phase3cp_00024,302c068ebfff8ae1c3e35c64,challenger_repair,cem_interaction::rx_range_location::rx_opening_amount::residual,"CSRank(CSResidual(CSRank(Sub(Div(Sub($close,$low),Add(Abs(Sub($high,$low)),0.000001)),Mean(Div(Sub($close,$low),Add(Abs(Sub($high,$low)),0.000001)),10))),CSRank(Div($m1_first5_vol,Add(Abs($volume),0.000001)))))",validation,15,6,6,-0.0015405653,-0.0008331591,0,-0.96130643,-0.96130643,-0.97409552,-0.96731917,0,-0.00920845,0.70740629
phase3cp_00024,302c068ebfff8ae1c3e35c64,challenger_repair,cem_interaction::rx_range_location::rx_opening_amount::residual,"CSRank(CSResidual(CSRank(Sub(Div(Sub($close,$low),Add(Abs(Sub($high,$low)),0.000001)),Mean(Div(Sub($close,$low),Add(Abs(Sub($high,$low)),0.000001)),10))),CSRank(Div($m1_first5_vol,Add(Abs($volume),0.000001)))))",holdout,equal_weight_horizon_sleeves,6,6,-0.0018388166,-0.0011435757,0,-0.90731796,-0.90731796,-0.9752818,-0.92227102,0,-0.01098447,0.69524091
phase3cp_00024,302c068ebfff8ae1c3e35c64,challenger_repair,cem_interaction::rx_range_location::rx_opening_amount::residual,"CSRank(CSResidual(CSRank(Sub(Div(Sub($close,$low),Add(Abs(Sub($high,$low)),0.000001)),Mean(Div(Sub($close,$low),Add(Abs(Sub($high,$low)),0.000001)),10))),CSRank(Div($m1_first5_vol,Add(Abs($volume),0.000001)))))",holdout,1,6,6,-0.0012738668,-0.0005786259,0,-0.97205916,-0.97205916,-0.98734175,-0.97858058,0,-0.00761918,0.69524091
phase3cp_00024,302c068ebfff8ae1c3e35c64,challenger_repair,cem_interaction::rx_range_location::rx_opening_amount::residual,"CSRank(CSResidual(CSRank(Sub(Div(Sub($close,$low),Add(Abs(Sub($high,$low)),0.000001)),Mean(Div(Sub($close,$low),Add(Abs(Sub($high,$low)),0.000001)),10))),CSRank(Div($m1_first5_vol,Add(Abs($volume),0.000001)))))",holdout,5,6,6,-0.0014575645,-0.0007623236,0,-0.97046215,-0.97046215,-0.98486571,-0.97345492,0,-0.00871397,0.69524091
phase3cp_00024,302c068ebfff8ae1c3e35c64,challenger_repair,cem_interaction::rx_range_location::rx_opening_amount::residual,"CSRank(CSResidual(CSRank(Sub(Div(Sub($close,$low),Add(Abs(Sub($high,$low)),0.000001)),Mean(Div(Sub($close,$low),Add(Abs(Sub($high,$low)),0.000001)),10))),CSRank(Div($m1_first5_vol,Add(Abs($volume),0.000001)))))",holdout,15,6,6,-0.0027850186,-0.0020897777,0,-0.74195385,-0.74195385,-0.95519279,-0.78855734,0,-0.01661304,0.69524091
phase3cp_00023,cc39d7f681d1d4c000a17559,challenger_repair,rx_interaction::rx_range_location::rx_opening_amount::product,"CSRank(Mul(ZScore(Sub(Div(Sub($close,$low),Add(Abs(Sub($high,$low)),0.000001)),Mean(Div(Sub($close,$low),Add(Abs(Sub($high,$low)),0.000001)),2))),ZScore(Div($m1_first30_vol,Add(Abs($volume),0.000001)))))",train,equal_weight_horizon_sleeves,15,15,-0.0001087642,0.0006213065,0.4,-0.29306513,-0.29306513,-0.48472811,-0.30319794,0.19333333,-0.0022563,0.73007073
phase3cp_00023,cc39d7f681d1d4c000a17559,challenger_repair,rx_interaction::rx_range_location::rx_opening_amount::product,"CSRank(Mul(ZScore(Sub(Div(Sub($close,$low),Add(Abs(Sub($high,$low)),0.000001)),Mean(Div(Sub($close,$low),Add(Abs(Sub($high,$low)),0.000001)),2))),ZScore(Div($m1_first30_vol,Add(Abs($volume),0.000001)))))",train,1,15,15,-0.0002448173,0.0004852534,0.26666667,-0.54444123,-0.54444123,-0.66931698,-0.5506973,0.015,-0.00366732,0.73007073
phase3cp_00023,cc39d7f681d1d4c000a17559,challenger_repair,rx_interaction::rx_range_location::rx_opening_amount::product,"CSRank(Mul(ZScore(Sub(Div(Sub($close,$low),Add(Abs(Sub($high,$low)),0.000001)),Mean(Div(Sub($close,$low),Add(Abs(Sub($high,$low)),0.000001)),2))),ZScore(Div($m1_first30_vol,Add(Abs($volume),0.000001)))))",train,5,15,15,-3.42743e-05,0.0006957965,0.4,-0.09851693,-0.09851693,-0.33901213,-0.10974123,0.38333333,-0.00235318,0.73007073
phase3cp_00023,cc39d7f681d1d4c000a17559,challenger_repair,rx_interaction::rx_range_location::rx_opening_amount::product,"CSRank(Mul(ZScore(Sub(Div(Sub($close,$low),Add(Abs(Sub($high,$low)),0.000001)),Mean(Div(Sub($close,$low),Add(Abs(Sub($high,$low)),0.000001)),2))),ZScore(Div($m1_first30_vol,Add(Abs($volume),0.000001)))))",train,15,15,15,-4.72011e-05,0.0006828697,0.53333333,-0.09275178,-0.09275178,-0.2623965,-0.06131475,0.425,-0.00173247,0.73007073
phase3cp_00023,cc39d7f681d1d4c000a17559,challenger_repair,rx_interaction::rx_range_location::rx_opening_amount::product,"CSRank(Mul(ZScore(Sub(Div(Sub($close,$low),Add(Abs(Sub($high,$low)),0.000001)),Mean(Div(Sub($close,$low),Add(Abs(Sub($high,$low)),0.000001)),2))),ZScore(Div($m1_first30_vol,Add(Abs($volume),0.000001)))))",validation,equal_weight_horizon_sleeves,6,6,-0.0001533396,0.0005457134,0.33333333,-0.33648268,-0.33648268,-0.56092128,-0.37091941,0.22370618,-0.00126761,0.69905302
phase3cp_00023,cc39d7f681d1d4c000a17559,challenger_repair,rx_interaction::rx_range_location::rx_opening_amount::product,"CSRank(Mul(ZScore(Sub(Div(Sub($close,$low),Add(Abs(Sub($high,$low)),0.000001)),Mean(Div(Sub($close,$low),Add(Abs(Sub($high,$low)),0.000001)),2))),ZScore(Div($m1_first30_vol,Add(Abs($volume),0.000001)))))",validation,1,6,6,-0.000278186,0.000420867,0.16666667,-0.61135077,-0.61135077,-0.76703885,-0.64523744,0.02166667,-0.00195205,0.69905302
phase3cp_00023,cc39d7f681d1d4c000a17559,challenger_repair,rx_interaction::rx_range_location::rx_opening_amount::product,"CSRank(Mul(ZScore(Sub(Div(Sub($close,$low),Add(Abs(Sub($high,$low)),0.000001)),Mean(Div(Sub($close,$low),Add(Abs(Sub($high,$low)),0.000001)),2))),ZScore(Div($m1_first30_vol,Add(Abs($volume),0.000001)))))",validation,5,6,6,-2.51255e-05,0.0006739276,0.66666667,-0.06293367,-0.06293367,-0.34108364,-0.09481355,0.42446043,-0.00122095,0.69905302
phase3cp_00023,cc39d7f681d1d4c000a17559,challenger_repair,rx_interaction::rx_range_location::rx_opening_amount::product,"CSRank(Mul(ZScore(Sub(Div(Sub($close,$low),Add(Abs(Sub($high,$low)),0.000001)),Mean(Div(Sub($close,$low),Add(Abs(Sub($high,$low)),0.000001)),2))),ZScore(Div($m1_first30_vol,Add(Abs($volume),0.000001)))))",validation,15,6,6,-0.0001567072,0.0005423458,0.16666667,-0.26886014,-0.26886014,-0.59315749,-0.28646233,0.35166667,-0.00160634,0.69905302
phase3cp_00023,cc39d7f681d1d4c000a17559,challenger_repair,rx_interaction::rx_range_location::rx_opening_amount::product,"CSRank(Mul(ZScore(Sub(Div(Sub($close,$low),Add(Abs(Sub($high,$low)),0.000001)),Mean(Div(Sub($close,$low),Add(Abs(Sub($high,$low)),0.000001)),2))),ZScore(Div($m1_first30_vol,Add(Abs($volume),0.000001)))))",holdout,equal_weight_horizon_sleeves,6,6,0.0001167259,0.0008110004,0.66666667,0.4324352,0.4324352,-0.13099529,0.32153942,0.66909091,-0.00079697,0.69427441
phase3cp_00023,cc39d7f681d1d4c000a17559,challenger_repair,rx_interaction::rx_range_location::rx_opening_amount::product,"CSRank(Mul(ZScore(Sub(Div(Sub($close,$low),Add(Abs(Sub($high,$low)),0.000001)),Mean(Div(Sub($close,$low),Add(Abs(Sub($high,$low)),0.000001)),2))),ZScore(Div($m1_first30_vol,Add(Abs($volume),0.000001)))))",holdout,1,6,6,-0.0002883103,0.0004059641,0,-0.80996711,-0.80996711,-0.87690149,-0.82431346,0,-0.00172875,0.69427441
phase3cp_00023,cc39d7f681d1d4c000a17559,challenger_repair,rx_interaction::rx_range_location::rx_opening_amount::product,"CSRank(Mul(ZScore(Sub(Div(Sub($close,$low),Add(Abs(Sub($high,$low)),0.000001)),Mean(Div(Sub($close,$low),Add(Abs(Sub($high,$low)),0.000001)),2))),ZScore(Div($m1_first30_vol,Add(Abs($volume),0.000001)))))",holdout,5,6,6,-6.96154e-05,0.000624659,0.5,-0.17171775,-0.17171775,-0.39803692,-0.1487863,0.3989899,-0.00103301,0.69427441
phase3cp_00023,cc39d7f681d1d4c000a17559,challenger_repair,rx_interaction::rx_range_location::rx_opening_amount::product,"CSRank(Mul(ZScore(Sub(Div(Sub($close,$low),Add(Abs(Sub($high,$low)),0.000001)),Mean(Div(Sub($close,$low),Add(Abs(Sub($high,$low)),0.000001)),2))),ZScore(Div($m1_first30_vol,Add(Abs($volume),0.000001)))))",holdout,15,6,6,0.0007081035,0.0014023779,0.66666667,3.7651957,3.7651957,1.6052599,3.76411151,0.95539033,-0.00044807,0.69427441
phase3cp_00035,c0a7b4180fa546725dfc4b2e,random_orthogonal,rx_interaction::rx_opening_amount::rx_range_location::product,"CSRank(Mul(ZScore(Div($m1_first15_amount,Add(Abs($amount),0.000001))),ZScore(Std(Div(Sub($high,$low),Add(Abs($open),0.000001)),5))))",train,equal_weight_horizon_sleeves,17,17,-0.0005437141,6.91961e-05,0.05882353,-0.81424007,-0.81424007,-0.87261106,-0.82771904,0,-0.00920439,0.61291017
phase3cp_00035,c0a7b4180fa546725dfc4b2e,random_orthogonal,rx_interaction::rx_opening_amount::rx_range_location::product,"CSRank(Mul(ZScore(Div($m1_first15_amount,Add(Abs($amount),0.000001))),ZScore(Std(Div(Sub($high,$low),Add(Abs($open),0.000001)),5))))",train,1,17,17,-0.0006248913,-1.19812e-05,0.05882353,-0.90243398,-0.90243398,-0.93406858,-0.90732513,0,-0.01057096,0.61291017
phase3cp_00035,c0a7b4180fa546725dfc4b2e,random_orthogonal,rx_interaction::rx_opening_amount::rx_range_location::product,"CSRank(Mul(ZScore(Div($m1_first15_amount,Add(Abs($amount),0.000001))),ZScore(Std(Div(Sub($high,$low),Add(Abs($open),0.000001)),5))))",train,5,17,17,-0.000605759,7.1512e-06,0.05882353,-0.7655221,-0.7655221,-0.81792687,-0.77671357,0,-0.01025036,0.61291017
phase3cp_00035,c0a7b4180fa546725dfc4b2e,random_orthogonal,rx_interaction::rx_opening_amount::rx_range_location::product,"CSRank(Mul(ZScore(Div($m1_first15_amount,Add(Abs($amount),0.000001))),ZScore(Std(Div(Sub($high,$low),Add(Abs($open),0.000001)),5))))",train,15,17,17,-0.0004004919,0.0002124182,0.35294118,-0.50730795,-0.50730795,-0.60954529,-0.52141202,0.00833333,-0.00679114,0.61291017
phase3cp_00035,c0a7b4180fa546725dfc4b2e,random_orthogonal,rx_interaction::rx_opening_amount::rx_range_location::product,"CSRank(Mul(ZScore(Div($m1_first15_amount,Add(Abs($amount),0.000001))),ZScore(Std(Div(Sub($high,$low),Add(Abs($open),0.000001)),5))))",validation,equal_weight_horizon_sleeves,6,6,-0.0006477227,-2.9391e-05,0.16666667,-0.69093691,-0.69093691,-0.7894177,-0.71484367,0,-0.00388142,0.61833174
phase3cp_00035,c0a7b4180fa546725dfc4b2e,random_orthogonal,rx_interaction::rx_opening_amount::rx_range_location::product,"CSRank(Mul(ZScore(Div($m1_first15_amount,Add(Abs($amount),0.000001))),ZScore(Std(Div(Sub($high,$low),Add(Abs($open),0.000001)),5))))",validation,1,6,6,-0.0007185321,-0.0001002004,0,-0.94475795,-0.94475795,-0.96661935,-0.95522607,0,-0.00430364,0.61833174
phase3cp_00035,c0a7b4180fa546725dfc4b2e,random_orthogonal,rx_interaction::rx_opening_amount::rx_range_location::product,"CSRank(Mul(ZScore(Div($m1_first15_amount,Add(Abs($amount),0.000001))),ZScore(Std(Div(Sub($high,$low),Add(Abs($open),0.000001)),5))))",validation,5,6,6,-0.0007238636,-0.0001055319,0,-0.78064704,-0.78064704,-0.86045563,-0.79932918,0,-0.00433633,0.61833174
phase3cp_00035,c0a7b4180fa546725dfc4b2e,random_orthogonal,rx_interaction::rx_opening_amount::rx_range_location::product,"CSRank(Mul(ZScore(Div($m1_first15_amount,Add(Abs($amount),0.000001))),ZScore(Std(Div(Sub($high,$low),Add(Abs($open),0.000001)),5))))",validation,15,6,6,-0.0005007723,0.0001175594,0.66666667,-0.3701803,-0.3701803,-0.57018861,-0.39626636,0.08422939,-0.00460798,0.61833174
phase3cp_00035,c0a7b4180fa546725dfc4b2e,random_orthogonal,rx_interaction::rx_opening_amount::rx_range_location::product,"CSRank(Mul(ZScore(Div($m1_first15_amount,Add(Abs($amount),0.000001))),ZScore(Std(Div(Sub($high,$low),Add(Abs($open),0.000001)),5))))",holdout,equal_weight_horizon_sleeves,6,6,-0.0009085906,-0.0003386719,0,-0.96482945,-0.96482945,-0.97979706,-0.97150918,0,-0.00543936,0.56991874
phase3cp_00035,c0a7b4180fa546725dfc4b2e,random_orthogonal,rx_interaction::rx_opening_amount::rx_range_location::product,"CSRank(Mul(ZScore(Div($m1_first15_amount,Add(Abs($amount),0.000001))),ZScore(Std(Div(Sub($high,$low),Add(Abs($open),0.000001)),5))))",holdout,1,6,6,-0.0006705105,-0.0001005918,0,-0.92544186,-0.92544186,-0.95710554,-0.93705589,0,-0.00401655,0.56991874
phase3cp_00035,c0a7b4180fa546725dfc4b2e,random_orthogonal,rx_interaction::rx_opening_amount::rx_range_location::product,"CSRank(Mul(ZScore(Div($m1_first15_amount,Add(Abs($amount),0.000001))),ZScore(Std(Div(Sub($high,$low),Add(Abs($open),0.000001)),5))))",holdout,5,6,6,-0.0009114715,-0.0003415527,0,-0.95273309,-0.95273309,-0.97896749,-0.96042398,0,-0.00545663,0.56991874
phase3cp_00035,c0a7b4180fa546725dfc4b2e,random_orthogonal,rx_interaction::rx_opening_amount::rx_range_location::product,"CSRank(Mul(ZScore(Div($m1_first15_amount,Add(Abs($amount),0.000001))),ZScore(Std(Div(Sub($high,$low),Add(Abs($open),0.000001)),5))))",holdout,15,6,6,-0.0011437898,-0.000573871,0.16666667,-0.85403353,-0.85403353,-0.94022766,-0.86352475,0,-0.00691363,0.56991874
phase3cp_00026,cb9eab78dc5c9f512d674c95,event_state,rx_interaction::rx_opening_amount::rx_range_location::spread,"CSRank(Sub(ZScore(Div($m1_first30_amount,Add(Abs($amount),0.000001))),ZScore(Std(Div(Sub($high,$low),Add(Abs($open),0.000001)),8))))",train,equal_weight_horizon_sleeves,15,15,-0.0005394818,6.7449e-05,0,-0.90254709,-0.90254709,-0.92589909,-0.9092324,0,-0.00806223,0.60693077
phase3cp_00026,cb9eab78dc5c9f512d674c95,event_state,rx_interaction::rx_opening_amount::rx_range_location::spread,"CSRank(Sub(ZScore(Div($m1_first30_amount,Add(Abs($amount),0.000001))),ZScore(Std(Div(Sub($high,$low),Add(Abs($open),0.000001)),8))))",train,1,15,15,-0.0005518556,5.50752e-05,0,-0.91890511,-0.91890511,-0.94499788,-0.92436049,0,-0.00824635,0.60693077
phase3cp_00026,cb9eab78dc5c9f512d674c95,event_state,rx_interaction::rx_opening_amount::rx_range_location::spread,"CSRank(Sub(ZScore(Div($m1_first30_amount,Add(Abs($amount),0.000001))),ZScore(Std(Div(Sub($high,$low),Add(Abs($open),0.000001)),8))))",train,5,15,15,-0.0005793997,2.75311e-05,0.13333333,-0.76707964,-0.76707964,-0.83362004,-0.78679051,0,-0.00865763,0.60693077
phase3cp_00026,cb9eab78dc5c9f512d674c95,event_state,rx_interaction::rx_opening_amount::rx_range_location::spread,"CSRank(Sub(ZScore(Div($m1_first30_amount,Add(Abs($amount),0.000001))),ZScore(Std(Div(Sub($high,$low),Add(Abs($open),0.000001)),8))))",train,15,15,15,-0.0004871901,0.0001197407,0.26666667,-0.59860607,-0.59860607,-0.69491235,-0.61113546,0,-0.00728649,0.60693077
phase3cp_00026,cb9eab78dc5c9f512d674c95,event_state,rx_interaction::rx_opening_amount::rx_range_location::spread,"CSRank(Sub(ZScore(Div($m1_first30_amount,Add(Abs($amount),0.000001))),ZScore(Std(Div(Sub($high,$low),Add(Abs($open),0.000001)),8))))",validation,equal_weight_horizon_sleeves,6,6,-0.0007081848,-0.0001013413,0.16666667,-0.80917792,-0.80917792,-0.91098151,-0.83936459,0,-0.00424239,0.60684346
phase3cp_00026,cb9eab78dc5c9f512d674c95,event_state,rx_interaction::rx_opening_amount::rx_range_location::spread,"CSRank(Sub(ZScore(Div($m1_first30_amount,Add(Abs($amount),0.000001))),ZScore(Std(Div(Sub($high,$low),Add(Abs($open),0.000001)),8))))",validation,1,6,6,-0.0007556835,-0.00014884,0,-0.9839158,-0.9839158,-0.98968753,-0.98607243,0,-0.0045256,0.60684346
phase3cp_00026,cb9eab78dc5c9f512d674c95,event_state,rx_interaction::rx_opening_amount::rx_range_location::spread,"CSRank(Sub(ZScore(Div($m1_first30_amount,Add(Abs($amount),0.000001))),ZScore(Std(Div(Sub($high,$low),Add(Abs($open),0.000001)),8))))",validation,5,6,6,-0.0007905322,-0.0001836887,0,-0.88656684,-0.88656684,-0.96404164,-0.90648754,0,-0.00473434,0.60684346
phase3cp_00026,cb9eab78dc5c9f512d674c95,event_state,rx_interaction::rx_opening_amount::rx_range_location::spread,"CSRank(Sub(ZScore(Div($m1_first30_amount,Add(Abs($amount),0.000001))),ZScore(Std(Div(Sub($high,$low),Add(Abs($open),0.000001)),8))))",validation,15,6,6,-0.0005783387,2.85047e-05,0.16666667,-0.52395623,-0.52395623,-0.80246747,-0.54667878,0.10833333,-0.00378274,0.60684346
phase3cp_00026,cb9eab78dc5c9f512d674c95,event_state,rx_interaction::rx_opening_amount::rx_range_location::spread,"CSRank(Sub(ZScore(Div($m1_first30_amount,Add(Abs($amount),0.000001))),ZScore(Std(Div(Sub($high,$low),Add(Abs($open),0.000001)),8))))",holdout,equal_weight_horizon_sleeves,6,6,-0.0007986439,-0.0002442517,0,-0.89780108,-0.89780108,-0.93942577,-0.91432548,0,-0.00478276,0.55439218
phase3cp_00026,cb9eab78dc5c9f512d674c95,event_state,rx_interaction::rx_opening_amount::rx_range_location::spread,"CSRank(Sub(ZScore(Div($m1_first30_amount,Add(Abs($amount),0.000001))),ZScore(Std(Div(Sub($high,$low),Add(Abs($open),0.000001)),8))))",holdout,1,6,6,-0.0006257047,-7.13125e-05,0,-0.94830222,-0.94830222,-0.9683624,-0.95499194,0,-0.00374849,0.55439218
phase3cp_00026,cb9eab78dc5c9f512d674c95,event_state,rx_interaction::rx_opening_amount::rx_range_location::spread,"CSRank(Sub(ZScore(Div($m1_first30_amount,Add(Abs($amount),0.000001))),ZScore(Std(Div(Sub($high,$low),Add(Abs($open),0.000001)),8))))",holdout,5,6,6,-0.0009134499,-0.0003590577,0,-0.96309576,-0.96309576,-0.97872211,-0.97113623,0,-0.00546839,0.55439218
phase3cp_00026,cb9eab78dc5c9f512d674c95,event_state,rx_interaction::rx_opening_amount::rx_range_location::spread,"CSRank(Sub(ZScore(Div($m1_first30_amount,Add(Abs($amount),0.000001))),ZScore(Std(Div(Sub($high,$low),Add(Abs($open),0.000001)),8))))",holdout,15,6,6,-0.000856777,-0.0003023848,0.33333333,-0.66289667,-0.66289667,-0.78318579,-0.69108723,0.005,-0.00555746,0.55439218
phase3cp_00030,c8af19143070433e5893b16e,event_state,rx_interaction::rx_range_location::rx_opening_amount::product,"CSRank(Mul(ZScore(Sub(Div(Sub($close,$low),Add(Abs(Sub($high,$low)),0.000001)),Mean(Div(Sub($close,$low),Add(Abs(Sub($high,$low)),0.000001)),30))),ZScore(Div($m1_first30_vol,Add(Abs($volume),0.000001)))))",train,equal_weight_horizon_sleeves,14,14,0.0001845492,0.0008949229,0.64285714,0.9850427,0.9850427,0.5284716,1.0397043,0.94983278,-0.00108851,0.71037371
phase3cp_00030,c8af19143070433e5893b16e,event_state,rx_interaction::rx_range_location::rx_opening_amount::product,"CSRank(Mul(ZScore(Sub(Div(Sub($close,$low),Add(Abs(Sub($high,$low)),0.000001)),Mean(Div(Sub($close,$low),Add(Abs(Sub($high,$low)),0.000001)),30))),ZScore(Div($m1_first30_vol,Add(Abs($volume),0.000001)))))",train,1,14,14,9.0256e-06,0.0007193993,0.5,0.03156776,0.03156776,-0.17761673,0.07225571,0.56333333,-0.00154329,0.71037371
phase3cp_00030,c8af19143070433e5893b16e,event_state,rx_interaction::rx_range_location::rx_opening_amount::product,"CSRank(Mul(ZScore(Sub(Div(Sub($close,$low),Add(Abs(Sub($high,$low)),0.000001)),Mean(Div(Sub($close,$low),Add(Abs(Sub($high,$low)),0.000001)),30))),ZScore(Div($m1_first30_vol,Add(Abs($volume),0.000001)))))",train,5,14,14,0.0001430115,0.0008533852,0.71428571,0.60061356,0.60061356,0.27869501,0.63609998,0.90709459,-0.00140473,0.71037371
phase3cp_00030,c8af19143070433e5893b16e,event_state,rx_interaction::rx_range_location::rx_opening_amount::product,"CSRank(Mul(ZScore(Sub(Div(Sub($close,$low),Add(Abs(Sub($high,$low)),0.000001)),Mean(Div(Sub($close,$low),Add(Abs(Sub($high,$low)),0.000001)),30))),ZScore(Div($m1_first30_vol,Add(Abs($volume),0.000001)))))",train,15,14,14,0.0004016105,0.0011119842,0.64285714,2.59194188,2.59194188,1.68045711,2.68072268,0.9933222,-0.00044093,0.71037371
phase3cp_00030,c8af19143070433e5893b16e,event_state,rx_interaction::rx_range_location::rx_opening_amount::product,"CSRank(Mul(ZScore(Sub(Div(Sub($close,$low),Add(Abs(Sub($high,$low)),0.000001)),Mean(Div(Sub($close,$low),Add(Abs(Sub($high,$low)),0.000001)),30))),ZScore(Div($m1_first30_vol,Add(Abs($volume),0.000001)))))",validation,equal_weight_horizon_sleeves,6,6,3.80128e-05,0.0007315254,0.5,0.23401585,0.23401585,-0.23725043,0.27899947,0.63265306,-0.00046398,0.69351253
phase3cp_00030,c8af19143070433e5893b16e,event_state,rx_interaction::rx_range_location::rx_opening_amount::product,"CSRank(Mul(ZScore(Sub(Div(Sub($close,$low),Add(Abs(Sub($high,$low)),0.000001)),Mean(Div(Sub($close,$low),Add(Abs(Sub($high,$low)),0.000001)),30))),ZScore(Div($m1_first30_vol,Add(Abs($volume),0.000001)))))",validation,1,6,6,-3.71132e-05,0.0006563993,0.16666667,-0.19025809,-0.19025809,-0.81341359,-0.19975553,0.34833333,-0.00090254,0.69351253
phase3cp_00030,c8af19143070433e5893b16e,event_state,rx_interaction::rx_range_location::rx_opening_amount::product,"CSRank(Mul(ZScore(Sub(Div(Sub($close,$low),Add(Abs(Sub($high,$low)),0.000001)),Mean(Div(Sub($close,$low),Add(Abs(Sub($high,$low)),0.000001)),30))),ZScore(Div($m1_first30_vol,Add(Abs($volume),0.000001)))))",validation,5,6,6,-2.18652e-05,0.0006716473,0.66666667,-0.09188772,-0.09188772,-0.39268456,-0.11890477,0.40325497,-0.00079126,0.69351253
phase3cp_00030,c8af19143070433e5893b16e,event_state,rx_interaction::rx_range_location::rx_opening_amount::product,"CSRank(Mul(ZScore(Sub(Div(Sub($close,$low),Add(Abs(Sub($high,$low)),0.000001)),Mean(Div(Sub($close,$low),Add(Abs(Sub($high,$low)),0.000001)),30))),ZScore(Div($m1_first30_vol,Add(Abs($volume),0.000001)))))",validation,15,6,6,0.0001730169,0.0008665294,0.66666667,1.3003412,1.3003412,0.44050355,1.3003412,0.89031079,-0.00030887,0.69351253
phase3cp_00030,c8af19143070433e5893b16e,event_state,rx_interaction::rx_range_location::rx_opening_amount::product,"CSRank(Mul(ZScore(Sub(Div(Sub($close,$low),Add(Abs(Sub($high,$low)),0.000001)),Mean(Div(Sub($close,$low),Add(Abs(Sub($high,$low)),0.000001)),30))),ZScore(Div($m1_first30_vol,Add(Abs($volume),0.000001)))))",holdout,equal_weight_horizon_sleeves,6,6,0.00032642,0.0010147076,0.5,2.36984576,2.36984576,0.47711815,2.19530756,0.8487395,-0.0003237,0.68828751
phase3cp_00030,c8af19143070433e5893b16e,event_state,rx_interaction::rx_range_location::rx_opening_amount::product,"CSRank(Mul(ZScore(Sub(Div(Sub($close,$low),Add(Abs(Sub($high,$low)),0.000001)),Mean(Div(Sub($close,$low),Add(Abs(Sub($high,$low)),0.000001)),30))),ZScore(Div($m1_first30_vol,Add(Abs($volume),0.000001)))))",holdout,1,6,6,-7.45785e-05,0.000613709,0.33333333,-0.3249756,-0.3249756,-0.70470202,-0.35687734,0.2541806,-0.00097349,0.68828751
phase3cp_00030,c8af19143070433e5893b16e,event_state,rx_interaction::rx_range_location::rx_opening_amount::product,"CSRank(Mul(ZScore(Sub(Div(Sub($close,$low),Add(Abs(Sub($high,$low)),0.000001)),Mean(Div(Sub($close,$low),Add(Abs(Sub($high,$low)),0.000001)),30))),ZScore(Div($m1_first30_vol,Add(Abs($volume),0.000001)))))",holdout,5,6,6,5.88416e-05,0.0007471291,0.5,0.52072892,0.52072892,-0.0280228,0.56147127,0.7427598,-0.00018428,0.68828751
phase3cp_00030,c8af19143070433e5893b16e,event_state,rx_interaction::rx_range_location::rx_opening_amount::product,"CSRank(Mul(ZScore(Sub(Div(Sub($close,$low),Add(Abs(Sub($high,$low)),0.000001)),Mean(Div(Sub($close,$low),Add(Abs(Sub($high,$low)),0.000001)),30))),ZScore(Div($m1_first30_vol,Add(Abs($volume),0.000001)))))",holdout,15,6,6,0.000994997,0.0016832845,0.66666667,2.48152148,2.48152148,0.48387407,2.05153953,0.83154122,-0.00089835,0.68828751
phase3cp_00034,be3cead61bcf3ae05d5ae47e,random_orthogonal,rx_interaction::rx_opening_amount::rx_range_location::spread,"CSRank(Sub(ZScore(Div($m1_first5_amount,Add(Abs($amount),0.000001))),ZScore(Std(Div(Sub($high,$low),Add(Abs($open),0.000001)),3))))",train,equal_weight_horizon_sleeves,18,18,-0.0005365538,8.20662e-05,0.11111111,-0.78230365,-0.78230365,-0.84999433,-0.797552,0,-0.00961585,0.61862
phase3cp_00034,be3cead61bcf3ae05d5ae47e,random_orthogonal,rx_interaction::rx_opening_amount::rx_range_location::spread,"CSRank(Sub(ZScore(Div($m1_first5_amount,Add(Abs($amount),0.000001))),ZScore(Std(Div(Sub($high,$low),Add(Abs($open),0.000001)),3))))",train,1,18,18,-0.0006125239,6.0961e-06,0.05555556,-0.88435706,-0.88435706,-0.92025401,-0.8915027,0,-0.01096916,0.61862
phase3cp_00034,be3cead61bcf3ae05d5ae47e,random_orthogonal,rx_interaction::rx_opening_amount::rx_range_location::spread,"CSRank(Sub(ZScore(Div($m1_first5_amount,Add(Abs($amount),0.000001))),ZScore(Std(Div(Sub($high,$low),Add(Abs($open),0.000001)),3))))",train,5,18,18,-0.0006957541,-7.71341e-05,0.05555556,-0.80672487,-0.80672487,-0.86433312,-0.8266945,0,-0.01245221,0.61862
phase3cp_00034,be3cead61bcf3ae05d5ae47e,random_orthogonal,rx_interaction::rx_opening_amount::rx_range_location::spread,"CSRank(Sub(ZScore(Div($m1_first5_amount,Add(Abs($amount),0.000001))),ZScore(Std(Div(Sub($high,$low),Add(Abs($open),0.000001)),3))))",train,15,18,18,-0.0003013834,0.0003172366,0.44444444,-0.37344766,-0.37344766,-0.51064118,-0.39516162,0.07333333,-0.00562779,0.61862
phase3cp_00034,be3cead61bcf3ae05d5ae47e,random_orthogonal,rx_interaction::rx_opening_amount::rx_range_location::spread,"CSRank(Sub(ZScore(Div($m1_first5_amount,Add(Abs($amount),0.000001))),ZScore(Std(Div(Sub($high,$low),Add(Abs($open),0.000001)),3))))",validation,equal_weight_horizon_sleeves,6,6,-0.0009396021,-0.0003053462,0.16666667,-0.79674441,-0.79674441,-0.87964678,-0.82018008,0,-0.00562592,0.63425588
phase3cp_00034,be3cead61bcf3ae05d5ae47e,random_orthogonal,rx_interaction::rx_opening_amount::rx_range_location::spread,"CSRank(Sub(ZScore(Div($m1_first5_amount,Add(Abs($amount),0.000001))),ZScore(Std(Div(Sub($high,$low),Add(Abs($open),0.000001)),3))))",validation,1,6,6,-0.0009109842,-0.0002767283,0,-0.93642868,-0.93642868,-0.95271631,-0.93919478,0,-0.00545382,0.63425588
phase3cp_00034,be3cead61bcf3ae05d5ae47e,random_orthogonal,rx_interaction::rx_opening_amount::rx_range_location::spread,"CSRank(Sub(ZScore(Div($m1_first5_amount,Add(Abs($amount),0.000001))),ZScore(Std(Div(Sub($high,$low),Add(Abs($open),0.000001)),3))))",validation,5,6,6,-0.0010584123,-0.0004241564,0.16666667,-0.84338479,-0.84338479,-0.92018574,-0.85939871,0,-0.00633505,0.63425588
phase3cp_00034,be3cead61bcf3ae05d5ae47e,random_orthogonal,rx_interaction::rx_opening_amount::rx_range_location::spread,"CSRank(Sub(ZScore(Div($m1_first5_amount,Add(Abs($amount),0.000001))),ZScore(Std(Div(Sub($high,$low),Add(Abs($open),0.000001)),3))))",validation,15,6,6,-0.0008494097,-0.0002151538,0.33333333,-0.60545182,-0.60545182,-0.7747951,-0.64932973,0.03833333,-0.00511276,0.63425588
phase3cp_00034,be3cead61bcf3ae05d5ae47e,random_orthogonal,rx_interaction::rx_opening_amount::rx_range_location::spread,"CSRank(Sub(ZScore(Div($m1_first5_amount,Add(Abs($amount),0.000001))),ZScore(Std(Div(Sub($high,$low),Add(Abs($open),0.000001)),3))))",holdout,equal_weight_horizon_sleeves,6,6,-0.0009454768,-0.0003548411,0,-0.96496252,-0.96496252,-0.97940815,-0.97235294,0,-0.00565967,0.59063574
phase3cp_00034,be3cead61bcf3ae05d5ae47e,random_orthogonal,rx_interaction::rx_opening_amount::rx_range_location::spread,"CSRank(Sub(ZScore(Div($m1_first5_amount,Add(Abs($amount),0.000001))),ZScore(Std(Div(Sub($high,$low),Add(Abs($open),0.000001)),3))))",holdout,1,6,6,-0.0007442539,-0.0001536181,0,-0.90492183,-0.90492183,-0.93389203,-0.91353743,0,-0.00445759,0.59063574
phase3cp_00034,be3cead61bcf3ae05d5ae47e,random_orthogonal,rx_interaction::rx_opening_amount::rx_range_location::spread,"CSRank(Sub(ZScore(Div($m1_first5_amount,Add(Abs($amount),0.000001))),ZScore(Std(Div(Sub($high,$low),Add(Abs($open),0.000001)),3))))",holdout,5,6,6,-0.0010412003,-0.0004505646,0,-0.9488988,-0.9488988,-0.96920487,-0.95540894,0,-0.00623132,0.59063574
phase3cp_00034,be3cead61bcf3ae05d5ae47e,random_orthogonal,rx_interaction::rx_opening_amount::rx_range_location::spread,"CSRank(Sub(ZScore(Div($m1_first5_amount,Add(Abs($amount),0.000001))),ZScore(Std(Div(Sub($high,$low),Add(Abs($open),0.000001)),3))))",holdout,15,6,6,-0.0010509762,-0.0004603405,0,-0.9062709,-0.9062709,-0.98506729,-0.91814819,0,-0.00629003,0.59063574
