expression_hash,candidate_id,phase3bk_rank,factor_lane,fields,expression,horizon_min,shard_count,ic_mean,ic_abs_mean,ic_hit_rate,spread_mean,spread_abs_mean,spread_hit_rate,wrong_lag_prev_ic_mean,wrong_lag_future_ic_mean,mean_one_way_turnover,signal_unique_min,signal_nonnull_sum,eval_rows_sum,expected_direction,primary_horizon_min,aligned_ic_mean,aligned_spread_mean,blocker_flags,phase3bl_decision,source_generator,source_lane,policy_score,note,open_direction,abs_aligned_ic_mean,positive_horizon_count,future_wrong_lag_horizon_count,phase3bp_blocker_flags,phase3bp_decision
c0a7b4180fa546725dfc4b2e,phase3bp_00105,,rx_interaction::rx_opening_amount::rx_range_location::product,amount|high|low|m1_first15_amount|open,"CSRank(Mul(ZScore(Div($m1_first15_amount,Add(Abs($amount),0.000001))),ZScore(Std(Div(Sub($high,$low),Add(Abs($open),0.000001)),5))))",30,4,0.02216509187,0.06584304445,0.6258389262,-1.683116631e-05,0.001685955937,0.4966442953,0.008362687756,0.01534874275,0.6750398653,2554,194135,207055,1,0,0.02216509187,-1.683116631e-05,,bl_signal_materialized_pass,phase3bp_true1min_hybrid_rx_cem,phase3bp_true1min_hybrid_rx_cem,0.11,hybrid arm from phase3bp_true1min_rx_ucb_native: rx interaction m1_first15_amount x range_vol_5 product,long_top,0.02216509187,1,0,too_few_positive_horizons|weak_dense_primary_abs_ic,bp_watch_or_reject
bad2dac6f562c7a32403a4fc,phase3bp_00107,,rx_interaction::rx_opening_amount::rx_range_location::spread,amount|high|low|m1_first30_amount|open,"CSRank(Sub(ZScore(Div($m1_first30_amount,Add(Abs($amount),0.000001))),ZScore(Std(Div(Sub($high,$low),Add(Abs($open),0.000001)),5))))",30,4,0.0217072448,0.06800866269,0.5989208633,-2.842635239e-05,0.001709446278,0.4928057554,0.008119990976,0.01869011989,0.6666007481,2554,181247,207055,1,0,0.0217072448,-2.842635239e-05,,bl_signal_materialized_pass,phase3bp_true1min_hybrid_rx_cem,phase3bp_true1min_hybrid_rx_cem,0.11,hybrid arm from phase3bp_true1min_rx_ucb_native: rx interaction m1_first30_amount x range_vol_5 spread,long_top,0.0217072448,1,0,too_few_positive_horizons|weak_dense_primary_abs_ic,bp_watch_or_reject
b69c81e209d78548623d085c,phase3bp_00108,,rx_interaction::rx_opening_amount::rx_range_location::product,amount|high|low|m1_first30_amount|open,"CSRank(Mul(ZScore(Div($m1_first30_amount,Add(Abs($amount),0.000001))),ZScore(Std(Div(Sub($high,$low),Add(Abs($open),0.000001)),10))))",30,4,0.02001261363,0.06724922596,0.6151079137,-8.462472114e-05,0.001650971518,0.464028777,0.006659886307,0.01569577224,0.6355366891,2554,181244,207055,1,0,0.02001261363,-8.462472114e-05,,bl_signal_materialized_pass,phase3bp_true1min_hybrid_rx_cem,phase3bp_true1min_hybrid_rx_cem,0.11,hybrid arm from phase3bp_true1min_rx_ucb_native: rx interaction m1_first30_amount x range_vol_10 product,long_top,0.02001261363,1,0,too_few_positive_horizons|weak_dense_primary_abs_ic,bp_watch_or_reject
d79ef720c2510971b68cb4e3,phase3bp_00097,,rx_interaction::rx_opening_amount::rx_range_location::spread,amount|high|low|m1_first15_amount|open,"CSRank(Sub(ZScore(Div($m1_first15_amount,Add(Abs($amount),0.000001))),ZScore(Std(Div(Sub($high,$low),Add(Abs($open),0.000001)),8))))",30,4,0.01953624415,0.07021546784,0.6023489933,-0.0001722394407,0.001793268737,0.4463087248,0.009861861245,0.017356997,0.6387065392,2554,194135,207055,1,0,0.01953624415,-0.0001722394407,,bl_signal_materialized_pass,phase3bp_true1min_hybrid_rx_cem,phase3bp_true1min_hybrid_rx_cem,0.11,hybrid arm from phase3bp_true1min_rx_ucb_native: rx interaction m1_first15_amount x range_vol_8 spread,long_top,0.01953624415,0,0,too_few_positive_horizons|weak_dense_primary_abs_ic,bp_watch_or_reject
bbdce13fae36e19225ae432c,phase3bp_00106,,rx_interaction::rx_opening_amount::rx_range_location::product,amount|high|low|m1_first15_amount|open,"CSRank(Mul(ZScore(Div($m1_first15_amount,Add(Abs($amount),0.000001))),ZScore(Std(Div(Sub($high,$low),Add(Abs($open),0.000001)),10))))",30,4,0.01938305126,0.06828348959,0.6124161074,-0.000153482403,0.001705046842,0.4580536913,0.009121516661,0.01479951401,0.6355561027,2554,194132,207055,1,0,0.01938305126,-0.000153482403,,bl_signal_materialized_pass,phase3bp_true1min_hybrid_rx_cem,phase3bp_true1min_hybrid_rx_cem,0.11,hybrid arm from phase3bp_true1min_rx_ucb_native: rx interaction m1_first15_amount x range_vol_10 product,long_top,0.01938305126,0,0,too_few_positive_horizons|weak_dense_primary_abs_ic,bp_watch_or_reject
a2e5350d1b33595611163614,phase3bp_00111,,rx_interaction::rx_opening_range::rx_range_location::product,high|low|m1_first5_high|m1_first5_low|open,"CSRank(Mul(ZScore(Div(Sub($m1_first5_high,$m1_first5_low),Add(Abs($open),0.000001))),ZScore(Std(Div(Sub($high,$low),Add(Abs($open),0.000001)),15))))",1,4,0.007300918965,0.04989276415,0.5191082803,4.149715337e-05,0.0003260601744,0.4904458599,0.002986470047,0.005770551006,0.6567551308,2565,204413,207055,1,0,0.007300918965,4.149715337e-05,,bl_signal_materialized_pass,phase3bp_true1min_hybrid_rx_cem,phase3bp_true1min_hybrid_rx_cem,0.11,hybrid arm from phase3bp_true1min_rx_ucb_native: rx interaction m1_first5_actual_range x range_vol_15 product,long_top,0.007300918965,0,0,too_few_positive_horizons|weak_dense_primary_abs_ic,bp_watch_or_reject
aafddca7f816cfc73c5ae0c1,phase3bp_00109,,rx_interaction::rx_opening_range::rx_range_location::product,high|low|m1_first5_high|m1_first5_low|open,"CSRank(Mul(ZScore(Div(Sub($m1_first5_high,$m1_first5_low),Add(Abs($open),0.000001))),ZScore(Std(Div(Sub($high,$low),Add(Abs($open),0.000001)),10))))",1,4,0.006804721278,0.05109690481,0.5350318471,4.080844542e-05,0.0003275153351,0.5063694268,0.003390780975,0.004553423138,0.6675994229,2571,204413,207055,1,0,0.006804721278,4.080844542e-05,,bl_signal_materialized_pass,phase3bp_true1min_hybrid_rx_cem,phase3bp_true1min_hybrid_rx_cem,0.11,hybrid arm from phase3bp_true1min_rx_ucb_native: rx interaction m1_first5_actual_range x range_vol_10 product,long_top,0.006804721278,0,0,too_few_positive_horizons|weak_dense_primary_abs_ic,bp_watch_or_reject
93826c8e779a0ea16af4ea07,phase3bp_00112,,rx_interaction::rx_opening_range::rx_range_location::product,high|low|m1_first5_high|m1_first5_low|open,"CSRank(Mul(ZScore(Div(Sub($m1_first5_high,$m1_first5_low),Add(Abs($open),0.000001))),ZScore(Std(Div(Sub($high,$low),Add(Abs($open),0.000001)),8))))",1,4,0.006791856724,0.05198115303,0.5238853503,3.831460776e-05,0.0003437645388,0.5175159236,0.002683871738,0.004749578279,0.6764686014,2568,204416,207055,1,0,0.006791856724,3.831460776e-05,,bl_signal_materialized_pass,phase3bp_true1min_hybrid_rx_cem,phase3bp_true1min_hybrid_rx_cem,0.11,hybrid arm from phase3bp_true1min_rx_ucb_native: rx interaction m1_first5_actual_range x range_vol_8 product,long_top,0.006791856724,0,0,too_few_positive_horizons|weak_dense_primary_abs_ic,bp_watch_or_reject
f965906766b187f89928b48d,phase3bp_00002,,typed_event_state::event_payload_state::event_inverted,evt_uplimit_type_code,"Neg(CSRank(WindowStateCount($evt_uplimit_type_code,10)))",1,4,,,,,,,,,,0,0,207055,1,0,,,primary_direction_not_reproduced,bl_signal_materialized_watch,phase3bp_true1min_hybrid_rx_cem,phase3bp_true1min_hybrid_rx_cem,0.07,hybrid arm from phase3bp_true1min_typed_event_state: typed event atom evt_uplimit_type_code_window_state_count_10 role=event_state_search class=event_state,short_top,,0,0,too_few_positive_horizons|weak_dense_primary_abs_ic,bp_watch_or_reject
e99511a5c5d00ffd7966fead,phase3bp_00004,,typed_event_state::event_payload_state::event_rank,evt_uplimit_auction_buy,"CSRank(WindowStateCount($evt_uplimit_auction_buy,10))",1,4,,,,,,,,,,0,0,207055,1,0,,,primary_direction_not_reproduced,bl_signal_materialized_watch,phase3bp_true1min_hybrid_rx_cem,phase3bp_true1min_hybrid_rx_cem,0.07,hybrid arm from phase3bp_true1min_typed_event_state: typed event atom evt_uplimit_auction_buy_window_state_count_10 role=event_state_search class=event_state,short_top,,0,0,too_few_positive_horizons|weak_dense_primary_abs_ic,bp_watch_or_reject
d04a40a262d710a15ba4ac67,phase3bp_00008,,typed_event_state::event_payload_state::event_inverted,evt_uplimit_auction_money,"Neg(CSRank(WindowStateCount($evt_uplimit_auction_money,10)))",1,4,,,,,,,,,,0,0,207055,1,0,,,primary_direction_not_reproduced,bl_signal_materialized_watch,phase3bp_true1min_hybrid_rx_cem,phase3bp_true1min_hybrid_rx_cem,0.07,hybrid arm from phase3bp_true1min_typed_event_state: typed event atom evt_uplimit_auction_money_window_state_count_10 role=event_state_search class=event_state,short_top,,0,0,too_few_positive_horizons|weak_dense_primary_abs_ic,bp_watch_or_reject
bc57ab5e618048783a7e646b,phase3bp_00012,,typed_event_state::event_payload_state::event_rank,evt_uplimit_auction_offer,"CSRank(WindowStateCount($evt_uplimit_auction_offer,10))",1,4,,,,,,,,,,0,0,207055,1,0,,,primary_direction_not_reproduced,bl_signal_materialized_watch,phase3bp_true1min_hybrid_rx_cem,phase3bp_true1min_hybrid_rx_cem,0.07,hybrid arm from phase3bp_true1min_typed_event_state: typed event atom evt_uplimit_auction_offer_window_state_count_10 role=event_state_search class=event_state,short_top,,0,0,too_few_positive_horizons|weak_dense_primary_abs_ic,bp_watch_or_reject
af7e57ed2cf5764a877878f9,phase3bp_00016,,typed_event_state::event_payload_state::event_inverted,evt_uplimit_fd_close,"Neg(CSRank(WindowStateCount($evt_uplimit_fd_close,10)))",1,4,,,,,,,,,,0,0,207055,1,0,,,primary_direction_not_reproduced,bl_signal_materialized_watch,phase3bp_true1min_hybrid_rx_cem,phase3bp_true1min_hybrid_rx_cem,0.07,hybrid arm from phase3bp_true1min_typed_event_state: typed event atom evt_uplimit_fd_close_window_state_count_10 role=event_state_search class=event_state,short_top,,0,0,too_few_positive_horizons|weak_dense_primary_abs_ic,bp_watch_or_reject
f3bb4f9a3da49d763f1080df,phase3bp_00020,,typed_lagged_context::coverage_guarded_context::context_inverted,amount|ctx_ths_hot_rank_diff,"Neg(CSRank(SafeCSResidual($ctx_ths_hot_rank_diff,$amount,20,5,0.8)))",1,4,,,,,,,,,,0,0,207055,1,0,,,primary_direction_not_reproduced,bl_signal_materialized_watch,phase3bp_true1min_hybrid_rx_cem,phase3bp_true1min_hybrid_rx_cem,0.08,hybrid arm from phase3bp_true1min_typed_event_state: typed lagged context atom ctx_ths_hot_rank_diff_safe_residual_amount role=lagged_context_search class=lagged_context,short_top,,0,0,too_few_positive_horizons|weak_dense_primary_abs_ic,bp_watch_or_reject
c8b48fd739476cb0ebd41943,phase3bp_00028,,typed_lagged_context::coverage_guarded_context::context_rank,amount|ctx_ths_hot_circulation_value,"CSRank(SafeCSResidual($ctx_ths_hot_circulation_value,$amount,20,5,0.8))",1,4,,,,,,,,,,0,0,207055,1,0,,,primary_direction_not_reproduced,bl_signal_materialized_watch,phase3bp_true1min_hybrid_rx_cem,phase3bp_true1min_hybrid_rx_cem,0.08,hybrid arm from phase3bp_true1min_typed_event_state: typed lagged context atom ctx_ths_hot_circulation_value_safe_residual_amount role=lagged_context_search class=lagged_context,short_top,,0,0,too_few_positive_horizons|weak_dense_primary_abs_ic,bp_watch_or_reject
ff8c6ad00332048936263d3f,phase3bp_00033,,typed_event_interaction::event_payload_state::coverage_guarded_context::event_x_state,amount|ctx_zls_strong|evt_uplimit_up_limit_keep_times,"CSRank(Mul(CSRank(WindowStateCount($evt_uplimit_up_limit_keep_times,10)),CSRank(SafeCSResidual($ctx_zls_strong,$amount,20,5,0.8))))",1,4,,,,,,,,,,0,0,207055,1,0,,,primary_direction_not_reproduced,bl_signal_materialized_watch,phase3bp_true1min_hybrid_rx_cem,phase3bp_true1min_hybrid_rx_cem,0.09,hybrid arm from phase3bp_true1min_typed_event_state: typed event interaction evt_uplimit_up_limit_keep_times_window_state_count_10 x ctx_zls_strong_safe_residual_amount event_x_state,short_top,,0,0,too_few_positive_horizons|weak_dense_primary_abs_ic,bp_watch_or_reject
ff4ced6a55185facaab61319,phase3bp_00034,,typed_event_interaction::event_payload_state::coverage_guarded_context::event_minus_state,amount|ctx_ths_hot_last_pct|evt_uplimit_up_limit_keep_times,"CSRank(Sub(CSRank(WindowStateCount($evt_uplimit_up_limit_keep_times,10)),CSRank(SafeCSResidual($ctx_ths_hot_last_pct,$amount,20,5,0.8))))",1,4,,,,,,,,,,0,0,207055,1,0,,,primary_direction_not_reproduced,bl_signal_materialized_watch,phase3bp_true1min_hybrid_rx_cem,phase3bp_true1min_hybrid_rx_cem,0.09,hybrid arm from phase3bp_true1min_typed_event_state: typed event interaction evt_uplimit_up_limit_keep_times_window_state_count_10 x ctx_ths_hot_last_pct_safe_residual_amount event_minus_state,short_top,,0,0,too_few_positive_horizons|weak_dense_primary_abs_ic,bp_watch_or_reject
fc770d6b18cb4e5c05ab3763,phase3bp_00035,,typed_event_interaction::event_payload_state::coverage_guarded_context::event_minus_state,amount|ctx_sent_lb_3_num|evt_uplimit_up_limit_keep_times,"CSRank(Sub(CSRank(WindowStateCount($evt_uplimit_up_limit_keep_times,10)),CSRank(SafeCSResidual($ctx_sent_lb_3_num,$amount,20,5,0.8))))",1,4,,,,,,,,,,0,0,207055,1,0,,,primary_direction_not_reproduced,bl_signal_materialized_watch,phase3bp_true1min_hybrid_rx_cem,phase3bp_true1min_hybrid_rx_cem,0.09,hybrid arm from phase3bp_true1min_typed_event_state: typed event interaction evt_uplimit_up_limit_keep_times_window_state_count_10 x ctx_sent_lb_3_num_safe_residual_amount event_minus_state,short_top,,0,0,too_few_positive_horizons|weak_dense_primary_abs_ic,bp_watch_or_reject
fbc868f84b60b94a37eeac32,phase3bp_00036,,typed_event_interaction::event_payload_state::coverage_guarded_context::event_minus_state,amount|ctx_ths_hot_circulation_value|evt_uplimit_type_code,"CSRank(Sub(CSRank(WindowStateCount($evt_uplimit_type_code,10)),CSRank(SafeCSResidual($ctx_ths_hot_circulation_value,$amount,20,5,0.8))))",1,4,,,,,,,,,,0,0,207055,1,0,,,primary_direction_not_reproduced,bl_signal_materialized_watch,phase3bp_true1min_hybrid_rx_cem,phase3bp_true1min_hybrid_rx_cem,0.09,hybrid arm from phase3bp_true1min_typed_event_state: typed event interaction evt_uplimit_type_code_window_state_count_10 x ctx_ths_hot_circulation_value_safe_residual_amount event_minus_state,short_top,,0,0,too_few_positive_horizons|weak_dense_primary_abs_ic,bp_watch_or_reject
f9f2cd13d24065190b78053f,phase3bp_00038,,typed_event_interaction::event_payload_state::coverage_guarded_context::event_x_state,amount|ctx_sent_mian_num|evt_uplimit_up_limit_keep_times,"CSRank(Mul(CSRank(WindowStateCount($evt_uplimit_up_limit_keep_times,10)),CSRank(SafeCSResidual($ctx_sent_mian_num,$amount,20,5,0.8))))",1,4,,,,,,,,,,0,0,207055,1,0,,,primary_direction_not_reproduced,bl_signal_materialized_watch,phase3bp_true1min_hybrid_rx_cem,phase3bp_true1min_hybrid_rx_cem,0.09,hybrid arm from phase3bp_true1min_typed_event_state: typed event interaction evt_uplimit_up_limit_keep_times_window_state_count_10 x ctx_sent_mian_num_safe_residual_amount event_x_state,short_top,,0,0,too_few_positive_horizons|weak_dense_primary_abs_ic,bp_watch_or_reject
f943ef5af374d2d642403799,phase3bp_00039,,typed_event_interaction::event_payload_state::coverage_guarded_context::event_x_state,amount|ctx_sent_downlimit_num|evt_uplimit_up_limit_keep_times,"CSRank(Mul(CSRank(WindowStateCount($evt_uplimit_up_limit_keep_times,10)),CSRank(SafeCSResidual($ctx_sent_downlimit_num,$amount,20,5,0.8))))",1,4,,,,,,,,,,0,0,207055,1,0,,,primary_direction_not_reproduced,bl_signal_materialized_watch,phase3bp_true1min_hybrid_rx_cem,phase3bp_true1min_hybrid_rx_cem,0.09,hybrid arm from phase3bp_true1min_typed_event_state: typed event interaction evt_uplimit_up_limit_keep_times_window_state_count_10 x ctx_sent_downlimit_num_safe_residual_amount event_x_state,short_top,,0,0,too_few_positive_horizons|weak_dense_primary_abs_ic,bp_watch_or_reject
f86020d90a53db5818a61e72,phase3bp_00040,,typed_event_interaction::event_payload_state::coverage_guarded_context::event_x_state,amount|ctx_sent_lb_2_num|evt_uplimit_type_code,"CSRank(Mul(CSRank(WindowStateCount($evt_uplimit_type_code,10)),CSRank(SafeCSResidual($ctx_sent_lb_2_num,$amount,20,5,0.8))))",1,4,,,,,,,,,,0,0,207055,1,0,,,primary_direction_not_reproduced,bl_signal_materialized_watch,phase3bp_true1min_hybrid_rx_cem,phase3bp_true1min_hybrid_rx_cem,0.09,hybrid arm from phase3bp_true1min_typed_event_state: typed event interaction evt_uplimit_type_code_window_state_count_10 x ctx_sent_lb_2_num_safe_residual_amount event_x_state,short_top,,0,0,too_few_positive_horizons|weak_dense_primary_abs_ic,bp_watch_or_reject
f5d58051405c4fbf7b7ab7d3,phase3bp_00042,,typed_event_interaction::event_payload_state::coverage_guarded_context::event_x_state,amount|ctx_sent_ditian_num|evt_uplimit_up_limit_keep_times,"CSRank(Mul(CSRank(WindowStateCount($evt_uplimit_up_limit_keep_times,10)),CSRank(SafeCSResidual($ctx_sent_ditian_num,$amount,20,5,0.8))))",1,4,,,,,,,,,,0,0,207055,1,0,,,primary_direction_not_reproduced,bl_signal_materialized_watch,phase3bp_true1min_hybrid_rx_cem,phase3bp_true1min_hybrid_rx_cem,0.09,hybrid arm from phase3bp_true1min_typed_event_state: typed event interaction evt_uplimit_up_limit_keep_times_window_state_count_10 x ctx_sent_ditian_num_safe_residual_amount event_x_state,short_top,,0,0,too_few_positive_horizons|weak_dense_primary_abs_ic,bp_watch_or_reject
f4d0f4e9190c23955c8e1bab,phase3bp_00043,,typed_event_interaction::event_payload_state::coverage_guarded_context::event_minus_state,amount|ctx_sent_downlimit_num|evt_uplimit_type_code,"CSRank(Sub(CSRank(WindowStateCount($evt_uplimit_type_code,10)),CSRank(SafeCSResidual($ctx_sent_downlimit_num,$amount,20,5,0.8))))",1,4,,,,,,,,,,0,0,207055,1,0,,,primary_direction_not_reproduced,bl_signal_materialized_watch,phase3bp_true1min_hybrid_rx_cem,phase3bp_true1min_hybrid_rx_cem,0.09,hybrid arm from phase3bp_true1min_typed_event_state: typed event interaction evt_uplimit_type_code_window_state_count_10 x ctx_sent_downlimit_num_safe_residual_amount event_minus_state,short_top,,0,0,too_few_positive_horizons|weak_dense_primary_abs_ic,bp_watch_or_reject
f3197cabc11fe1ebefa35062,phase3bp_00044,,typed_event_interaction::event_payload_state::coverage_guarded_context::event_x_state,amount|ctx_sent_lt5_num|evt_uplimit_type_code,"CSRank(Mul(CSRank(WindowStateCount($evt_uplimit_type_code,10)),CSRank(SafeCSResidual($ctx_sent_lt5_num,$amount,20,5,0.8))))",1,4,,,,,,,,,,0,0,207055,1,0,,,primary_direction_not_reproduced,bl_signal_materialized_watch,phase3bp_true1min_hybrid_rx_cem,phase3bp_true1min_hybrid_rx_cem,0.09,hybrid arm from phase3bp_true1min_typed_event_state: typed event interaction evt_uplimit_type_code_window_state_count_10 x ctx_sent_lt5_num_safe_residual_amount event_x_state,short_top,,0,0,too_few_positive_horizons|weak_dense_primary_abs_ic,bp_watch_or_reject
f1348594e2b27dff1a4174ff,phase3bp_00045,,typed_event_interaction::event_payload_state::coverage_guarded_context::event_x_state,amount|ctx_ths_hot_rank_diff|evt_uplimit_up_limit_keep_times,"CSRank(Mul(CSRank(StateDwell($evt_uplimit_up_limit_keep_times,5)),CSRank(SafeCSResidual($ctx_ths_hot_rank_diff,$amount,20,5,0.8))))",1,4,,,,,,,,,,0,0,207055,1,0,,,primary_direction_not_reproduced,bl_signal_materialized_watch,phase3bp_true1min_hybrid_rx_cem,phase3bp_true1min_hybrid_rx_cem,0.09,hybrid arm from phase3bp_true1min_typed_event_state: typed event interaction evt_uplimit_up_limit_keep_times_state_dwell_5 x ctx_ths_hot_rank_diff_safe_residual_amount event_x_state,short_top,,0,0,too_few_positive_horizons|weak_dense_primary_abs_ic,bp_watch_or_reject
ef420eb1ac6596f95ec92fac,phase3bp_00047,,typed_event_interaction::event_payload_state::coverage_guarded_context::event_minus_state,amount|ctx_ths_hot_last_price|evt_uplimit_up_limit_keep_times,"CSRank(Sub(CSRank(StateDwell($evt_uplimit_up_limit_keep_times,5)),CSRank(SafeCSResidual($ctx_ths_hot_last_price,$amount,20,5,0.8))))",1,4,,,,,,,,,,0,0,207055,1,0,,,primary_direction_not_reproduced,bl_signal_materialized_watch,phase3bp_true1min_hybrid_rx_cem,phase3bp_true1min_hybrid_rx_cem,0.09,hybrid arm from phase3bp_true1min_typed_event_state: typed event interaction evt_uplimit_up_limit_keep_times_state_dwell_5 x ctx_ths_hot_last_price_safe_residual_amount event_minus_state,short_top,,0,0,too_few_positive_horizons|weak_dense_primary_abs_ic,bp_watch_or_reject
ecb0a37e94ac1cf29ccbbf9e,phase3bp_00048,,typed_event_interaction::event_payload_state::coverage_guarded_context::event_x_state,amount|ctx_sent_mian_num|evt_uplimit_type_code,"CSRank(Mul(CSRank(WindowStateCount($evt_uplimit_type_code,10)),CSRank(SafeCSResidual($ctx_sent_mian_num,$amount,20,5,0.8))))",1,4,,,,,,,,,,0,0,207055,1,0,,,primary_direction_not_reproduced,bl_signal_materialized_watch,phase3bp_true1min_hybrid_rx_cem,phase3bp_true1min_hybrid_rx_cem,0.09,hybrid arm from phase3bp_true1min_typed_event_state: typed event interaction evt_uplimit_type_code_window_state_count_10 x ctx_sent_mian_num_safe_residual_amount event_x_state,short_top,,0,0,too_few_positive_horizons|weak_dense_primary_abs_ic,bp_watch_or_reject
fe09d99d3ffb8cabd48e7e05,phase3bp_00052,,rx_interaction::rx_range_location::coverage_guarded_context::spread,amount|close|ctx_ths_hot_last_pct|high|low,"CSRank(Sub(ZScore(Sub(Div(Sub($close,$low),Add(Abs(Sub($high,$low)),0.000001)),Mean(Div(Sub($close,$low),Add(Abs(Sub($high,$low)),0.000001)),20))),CSRank(SafeCSResidual($ctx_ths_hot_last_pct,$amount,20,5,0.8))))",1,4,,,,,,,,,,0,0,207055,1,0,,,primary_direction_not_reproduced,bl_signal_materialized_watch,phase3bp_true1min_hybrid_rx_cem,phase3bp_true1min_hybrid_rx_cem,0.11,hybrid arm from phase3bp_true1min_rx_ucb_native: rx interaction bar_loc_shift_20 x ctx_ths_hot_last_pct_safe_residual_amount spread,short_top,,0,0,too_few_positive_horizons|weak_dense_primary_abs_ic,bp_watch_or_reject
f32fbe25b77adc5b3f5fe371,phase3bp_00075,,rx_interaction::rx_opening_range::coverage_guarded_context::product,amount|ctx_ths_hot_last_pct|m1_first5_high|m1_first5_low|open,"CSRank(Mul(ZScore(Div(Sub($m1_first5_high,$m1_first5_low),Add(Abs($open),0.000001))),CSRank(SafeCSResidual($ctx_ths_hot_last_pct,$amount,20,5,0.8))))",1,4,,,,,,,,,,0,0,207055,1,0,,,primary_direction_not_reproduced,bl_signal_materialized_watch,phase3bp_true1min_hybrid_rx_cem,phase3bp_true1min_hybrid_rx_cem,0.11,hybrid arm from phase3bp_true1min_rx_ucb_native: rx interaction m1_first5_actual_range x ctx_ths_hot_last_pct_safe_residual_amount product,short_top,,0,0,too_few_positive_horizons|weak_dense_primary_abs_ic,bp_watch_or_reject
ee13c85fdae6ae487b0d1bd6,phase3bp_00079,,rx_interaction::rx_range_location::coverage_guarded_context::product,amount|close|ctx_ths_hot_circulation_value|high|low,"CSRank(Mul(ZScore(Sub(Div(Sub($close,$low),Add(Abs(Sub($high,$low)),0.000001)),Mean(Div(Sub($close,$low),Add(Abs(Sub($high,$low)),0.000001)),10))),CSRank(SafeCSResidual($ctx_ths_hot_circulation_value,$amount,20,5,0.8))))",1,4,,,,,,,,,,0,0,207055,1,0,,,primary_direction_not_reproduced,bl_signal_materialized_watch,phase3bp_true1min_hybrid_rx_cem,phase3bp_true1min_hybrid_rx_cem,0.11,hybrid arm from phase3bp_true1min_rx_ucb_native: rx interaction bar_loc_shift_10 x ctx_ths_hot_circulation_value_safe_residual_amount product,short_top,,0,0,too_few_positive_horizons|weak_dense_primary_abs_ic,bp_watch_or_reject
ec0ff285044b598a57324ae7,phase3bp_00080,,rx_interaction::rx_opening_range::coverage_guarded_context::spread,amount|ctx_ths_hot_last_pct|m1_first5_high|m1_first5_low|open,"CSRank(Sub(ZScore(Div(Sub($m1_first5_high,$m1_first5_low),Add(Abs($open),0.000001))),CSRank(SafeCSResidual($ctx_ths_hot_last_pct,$amount,20,5,0.8))))",1,4,,,,,,,,,,0,0,207055,1,0,,,primary_direction_not_reproduced,bl_signal_materialized_watch,phase3bp_true1min_hybrid_rx_cem,phase3bp_true1min_hybrid_rx_cem,0.11,hybrid arm from phase3bp_true1min_rx_ucb_native: rx interaction m1_first5_actual_range x ctx_ths_hot_last_pct_safe_residual_amount spread,short_top,,0,0,too_few_positive_horizons|weak_dense_primary_abs_ic,bp_watch_or_reject
e7890840491af8a7491ef81a,phase3bp_00086,,rx_interaction::rx_opening_range::coverage_guarded_context::spread,amount|ctx_ths_hot_rank_diff|m1_first5_high|m1_first5_low|open,"CSRank(Sub(ZScore(Div(Sub($m1_first5_high,$m1_first5_low),Add(Abs($open),0.000001))),CSRank(SafeCSResidual($ctx_ths_hot_rank_diff,$amount,20,5,0.8))))",1,4,,,,,,,,,,0,0,207055,1,0,,,primary_direction_not_reproduced,bl_signal_materialized_watch,phase3bp_true1min_hybrid_rx_cem,phase3bp_true1min_hybrid_rx_cem,0.11,hybrid arm from phase3bp_true1min_rx_ucb_native: rx interaction m1_first5_actual_range x ctx_ths_hot_rank_diff_safe_residual_amount spread,short_top,,0,0,too_few_positive_horizons|weak_dense_primary_abs_ic,bp_watch_or_reject
e2143be02eca2ebda378f2c1,phase3bp_00091,,rx_interaction::rx_opening_range::coverage_guarded_context::product,amount|ctx_ths_hot_last_pct|m1_first15_high|m1_first15_low|open,"CSRank(Mul(ZScore(Div(Sub($m1_first15_high,$m1_first15_low),Add(Abs($open),0.000001))),CSRank(SafeCSResidual($ctx_ths_hot_last_pct,$amount,20,5,0.8))))",1,4,,,,,,,,,,0,0,207055,1,0,,,primary_direction_not_reproduced,bl_signal_materialized_watch,phase3bp_true1min_hybrid_rx_cem,phase3bp_true1min_hybrid_rx_cem,0.11,hybrid arm from phase3bp_true1min_rx_ucb_native: rx interaction m1_first15_actual_range x ctx_ths_hot_last_pct_safe_residual_amount product,short_top,,0,0,too_few_positive_horizons|weak_dense_primary_abs_ic,bp_watch_or_reject
158b82f06ace8361748ac0cb,phase3bp_00119,,cem_interaction::rx_opening_range::coverage_guarded_context::residual,amount|ctx_ths_hot_circulation_value|m1_first15_high|m1_first15_low|open,"CSRank(CSResidual(CSRank(Div(Sub($m1_first15_high,$m1_first15_low),Add(Abs($open),0.000001))),CSRank(SafeCSResidual($ctx_ths_hot_circulation_value,$amount,20,5,0.8))))",1,4,,,,,,,,,,0,0,207055,1,0,,,primary_direction_not_reproduced,bl_signal_materialized_watch,phase3bp_true1min_hybrid_rx_cem,phase3bp_true1min_hybrid_rx_cem,0.11,hybrid arm from phase3bp_true1min_cem_elite: cem seed interaction m1_first15_actual_range x ctx_ths_hot_circulation_value_safe_residual_amount residual,short_top,,0,0,too_few_positive_horizons|weak_dense_primary_abs_ic,bp_watch_or_reject
c5245e37275281464cc8ebea,phase3bp_00139,,cem_interaction::rx_opening_range::coverage_guarded_context::residual,amount|ctx_ths_hot_last_price|m1_first5_high|m1_first5_low|open,"CSRank(CSResidual(CSRank(Div(Sub($m1_first5_high,$m1_first5_low),Add(Abs($open),0.000001))),CSRank(SafeCSResidual($ctx_ths_hot_last_price,$amount,20,5,0.8))))",1,4,,,,,,,,,,0,0,207055,1,0,,,primary_direction_not_reproduced,bl_signal_materialized_watch,phase3bp_true1min_hybrid_rx_cem,phase3bp_true1min_hybrid_rx_cem,0.11,hybrid arm from phase3bp_true1min_cem_elite: cem seed interaction m1_first5_actual_range x ctx_ths_hot_last_price_safe_residual_amount residual,short_top,,0,0,too_few_positive_horizons|weak_dense_primary_abs_ic,bp_watch_or_reject
2dbe7c52716a8d355c9126ad,phase3bp_00143,,cem_interaction::rx_opening_range::coverage_guarded_context::residual,amount|ctx_ths_hot_last_price|m1_first15_high|m1_first15_low|open,"CSRank(CSResidual(CSRank(Div(Sub($m1_first15_high,$m1_first15_low),Add(Abs($open),0.000001))),CSRank(SafeCSResidual($ctx_ths_hot_last_price,$amount,20,5,0.8))))",1,4,,,,,,,,,,0,0,207055,1,0,,,primary_direction_not_reproduced,bl_signal_materialized_watch,phase3bp_true1min_hybrid_rx_cem,phase3bp_true1min_hybrid_rx_cem,0.11,hybrid arm from phase3bp_true1min_cem_elite: cem seed interaction m1_first15_actual_range x ctx_ths_hot_last_price_safe_residual_amount residual,short_top,,0,0,too_few_positive_horizons|weak_dense_primary_abs_ic,bp_watch_or_reject
5a835fe4c8166a63a77a3184,phase3bp_00149,,cem_interaction::rx_opening_range::coverage_guarded_context::residual,amount|ctx_ths_hot_last_pct|m1_first15_high|m1_first15_low|open,"CSRank(CSResidual(CSRank(Div(Sub($m1_first15_high,$m1_first15_low),Add(Abs($open),0.000001))),CSRank(SafeCSResidual($ctx_ths_hot_last_pct,$amount,20,5,0.8))))",1,4,,,,,,,,,,0,0,207055,1,0,,,primary_direction_not_reproduced,bl_signal_materialized_watch,phase3bp_true1min_hybrid_rx_cem,phase3bp_true1min_hybrid_rx_cem,0.11,hybrid arm from phase3bp_true1min_cem_elite: cem seed interaction m1_first15_actual_range x ctx_ths_hot_last_pct_safe_residual_amount residual,short_top,,0,0,too_few_positive_horizons|weak_dense_primary_abs_ic,bp_watch_or_reject
a004bb1d68f07e322ba1de1c,phase3bp_00188,,cem_interaction::rx_range_location::coverage_guarded_context::residual,amount|close|ctx_ths_hot_last_price|high|low,"CSRank(CSResidual(CSRank(Sub(Div(Sub($close,$low),Add(Abs(Sub($high,$low)),0.000001)),Mean(Div(Sub($close,$low),Add(Abs(Sub($high,$low)),0.000001)),2))),CSRank(SafeCSResidual($ctx_ths_hot_last_price,$amount,20,5,0.8))))",1,4,,,,,,,,,,0,0,207055,1,0,,,primary_direction_not_reproduced,bl_signal_materialized_watch,phase3bp_true1min_hybrid_rx_cem,phase3bp_true1min_hybrid_rx_cem,0.11,hybrid arm from phase3bp_true1min_cem_elite: cem seed interaction bar_loc_shift_2 x ctx_ths_hot_last_price_safe_residual_amount residual,short_top,,0,0,too_few_positive_horizons|weak_dense_primary_abs_ic,bp_watch_or_reject
660128c07331899baf5a07af,phase3bp_00190,,cem_interaction::rx_range_location::coverage_guarded_context::residual,amount|close|ctx_ths_hot_rank_diff|high|low,"CSRank(CSResidual(CSRank(Sub(Div(Sub($close,$low),Add(Abs(Sub($high,$low)),0.000001)),Mean(Div(Sub($close,$low),Add(Abs(Sub($high,$low)),0.000001)),3))),CSRank(SafeCSResidual($ctx_ths_hot_rank_diff,$amount,20,5,0.8))))",1,4,,,,,,,,,,0,0,207055,1,0,,,primary_direction_not_reproduced,bl_signal_materialized_watch,phase3bp_true1min_hybrid_rx_cem,phase3bp_true1min_hybrid_rx_cem,0.11,hybrid arm from phase3bp_true1min_cem_elite: cem seed interaction bar_loc_shift_3 x ctx_ths_hot_rank_diff_safe_residual_amount residual,short_top,,0,0,too_few_positive_horizons|weak_dense_primary_abs_ic,bp_watch_or_reject
e4885ebf1544e8814e331e19,phase3bp_00089,,rx_interaction::rx_opening_amount::rx_range_location::product,amount|high|low|m1_first5_amount|open,"CSRank(Mul(ZScore(Div($m1_first5_amount,Add(Abs($amount),0.000001))),ZScore(Std(Div(Sub($high,$low),Add(Abs($open),0.000001)),15))))",30,4,0.02011317208,0.07288334305,0.6066878981,-0.0001674228761,0.001795771393,0.4777070064,0.01361048363,0.01713079584,0.6154318673,2554,204413,207055,1,0,0.02011317208,-0.0001674228761,,bl_signal_materialized_pass,phase3bp_true1min_hybrid_rx_cem,phase3bp_true1min_hybrid_rx_cem,0.11,hybrid arm from phase3bp_true1min_rx_ucb_native: rx interaction m1_first5_amount x range_vol_15 product,long_top,0.02011317208,1,0,signal_corr_abs_ge_0.75|too_few_positive_horizons|weak_dense_primary_abs_ic,bp_watch_or_reject
e1a686878b947a8ce2f6222a,phase3bp_00093,,rx_interaction::rx_opening_amount::rx_range_location::spread,amount|high|low|m1_first5_amount|open,"CSRank(Sub(ZScore(Div($m1_first5_amount,Add(Abs($amount),0.000001))),ZScore(Std(Div(Sub($high,$low),Add(Abs($open),0.000001)),8))))",30,4,0.01981749888,0.07000632379,0.601910828,-0.0002107406489,0.001817504759,0.4410828025,0.01100486676,0.01756267127,0.6370666383,2554,204416,207055,1,0,0.01981749888,-0.0002107406489,,bl_signal_materialized_pass,phase3bp_true1min_hybrid_rx_cem,phase3bp_true1min_hybrid_rx_cem,0.11,hybrid arm from phase3bp_true1min_rx_ucb_native: rx interaction m1_first5_amount x range_vol_8 spread,long_top,0.01981749888,0,0,signal_corr_abs_ge_0.75|too_few_positive_horizons|weak_dense_primary_abs_ic,bp_watch_or_reject
e07b59571ce8903c0afb6ffb,phase3bp_00095,,rx_interaction::rx_opening_amount::rx_range_location::product,amount|high|low|m1_first5_amount|open,"CSRank(Mul(ZScore(Div($m1_first5_amount,Add(Abs($amount),0.000001))),ZScore(Std(Div(Sub($high,$low),Add(Abs($open),0.000001)),10))))",30,4,0.0196573314,0.06816382774,0.6035031847,-0.0001724984125,0.001729860358,0.4617834395,0.01044344223,0.01478617916,0.6359140181,2554,204413,207055,1,0,0.0196573314,-0.0001724984125,,bl_signal_materialized_pass,phase3bp_true1min_hybrid_rx_cem,phase3bp_true1min_hybrid_rx_cem,0.11,hybrid arm from phase3bp_true1min_rx_ucb_native: rx interaction m1_first5_amount x range_vol_10 product,long_top,0.0196573314,0,0,signal_corr_abs_ge_0.75|too_few_positive_horizons|weak_dense_primary_abs_ic,bp_watch_or_reject
f611a23298537750713cee21,phase3bp_00071,,rx_interaction::rx_opening_range::rx_range_location::product,high|low|m1_first15_high|m1_first15_low|open,"CSRank(Mul(ZScore(Div(Sub($m1_first15_high,$m1_first15_low),Add(Abs($open),0.000001))),ZScore(Std(Div(Sub($high,$low),Add(Abs($open),0.000001)),15))))",1,4,0.007678683248,0.04980139686,0.538590604,4.347449449e-05,0.0002954146401,0.5268456376,0.005326775219,0.006890272486,0.653954293,2564,194132,207055,1,0,0.007678683248,4.347449449e-05,,bl_signal_materialized_pass,phase3bp_true1min_hybrid_rx_cem,phase3bp_true1min_hybrid_rx_cem,0.11,hybrid arm from phase3bp_true1min_rx_ucb_native: rx interaction m1_first15_actual_range x range_vol_15 product,long_top,0.007678683248,0,0,signal_corr_abs_ge_0.75|too_few_positive_horizons|weak_dense_primary_abs_ic,bp_watch_or_reject
eeb6171e8ae069ddb72da088,phase3bp_00003,,typed_event_state::event_payload_state::event_inverted,evt_uplimit_auction_money,"Neg(CSRank(StateDwell($evt_uplimit_auction_money,5)))",1,4,,,,,,,,,,1,40,207055,1,0,,,primary_direction_not_reproduced,bl_signal_materialized_watch,phase3bp_true1min_hybrid_rx_cem,phase3bp_true1min_hybrid_rx_cem,0.07,hybrid arm from phase3bp_true1min_typed_event_state: typed event atom evt_uplimit_auction_money_state_dwell_5 role=event_state_search class=event_state,short_top,,0,0,signal_corr_abs_ge_0.75|too_few_positive_horizons|weak_dense_primary_abs_ic,bp_watch_or_reject
e7b39b5dce7299f23f169f87,phase3bp_00005,,typed_event_state::event_payload_state::event_rank,evt_uplimit_amount,"CSRank(StateDwell($evt_uplimit_amount,5))",1,4,,,,,,,,,,1,86,207055,1,0,,,primary_direction_not_reproduced,bl_signal_materialized_watch,phase3bp_true1min_hybrid_rx_cem,phase3bp_true1min_hybrid_rx_cem,0.07,hybrid arm from phase3bp_true1min_typed_event_state: typed event atom evt_uplimit_amount_state_dwell_5 role=event_state_search class=event_state,short_top,,0,0,signal_corr_abs_ge_0.75|too_few_positive_horizons|weak_dense_primary_abs_ic,bp_watch_or_reject
e1d31499bb0e99cb9284e4c4,phase3bp_00006,,typed_event_state::event_payload_state::event_rank,evt_uplimit_fd_close,"CSRank(StateDwell($evt_uplimit_fd_close,5))",1,4,,,,,,,,,,1,86,207055,1,0,,,primary_direction_not_reproduced,bl_signal_materialized_watch,phase3bp_true1min_hybrid_rx_cem,phase3bp_true1min_hybrid_rx_cem,0.07,hybrid arm from phase3bp_true1min_typed_event_state: typed event atom evt_uplimit_fd_close_state_dwell_5 role=event_state_search class=event_state,short_top,,0,0,signal_corr_abs_ge_0.75|too_few_positive_horizons|weak_dense_primary_abs_ic,bp_watch_or_reject
da9b2d92991b98c3dde77526,phase3bp_00007,,typed_event_state::event_payload_state::event_inverted,evt_uplimit_auction_buy,"Neg(CSRank(StateDwell($evt_uplimit_auction_buy,5)))",1,4,,,,,,,,,,1,40,207055,1,0,,,primary_direction_not_reproduced,bl_signal_materialized_watch,phase3bp_true1min_hybrid_rx_cem,phase3bp_true1min_hybrid_rx_cem,0.07,hybrid arm from phase3bp_true1min_typed_event_state: typed event atom evt_uplimit_auction_buy_state_dwell_5 role=event_state_search class=event_state,short_top,,0,0,signal_corr_abs_ge_0.75|too_few_positive_horizons|weak_dense_primary_abs_ic,bp_watch_or_reject
cd7a92e7dc580e4285faffea,phase3bp_00009,,typed_event_state::state_lifecycle::event_rank,evt_uplimit_age_min,"CSRank(StateDwell($evt_uplimit_age_min,5))",1,4,,,,,,,,,,1,100,207055,1,0,,,primary_direction_not_reproduced,bl_signal_materialized_watch,phase3bp_true1min_hybrid_rx_cem,phase3bp_true1min_hybrid_rx_cem,0.07,hybrid arm from phase3bp_true1min_typed_event_state: typed event atom evt_uplimit_age_min_state_dwell_5 role=event_state_search class=event_state,short_top,,0,0,signal_corr_abs_ge_0.75|too_few_positive_horizons|weak_dense_primary_abs_ic,bp_watch_or_reject
cc5a67f72748b552edbe73b8,phase3bp_00010,,typed_event_state::event_payload_state::event_rank,evt_uplimit_auction_turnover,"CSRank(StateDwell($evt_uplimit_auction_turnover,5))",1,4,,,,,,,,,,1,100,207055,1,0,,,primary_direction_not_reproduced,bl_signal_materialized_watch,phase3bp_true1min_hybrid_rx_cem,phase3bp_true1min_hybrid_rx_cem,0.07,hybrid arm from phase3bp_true1min_typed_event_state: typed event atom evt_uplimit_auction_turnover_state_dwell_5 role=event_state_search class=event_state,short_top,,0,0,signal_corr_abs_ge_0.75|too_few_positive_horizons|weak_dense_primary_abs_ic,bp_watch_or_reject
c9937ce3709ec284768f38fb,phase3bp_00011,,typed_event_state::event_payload_state::event_rank,evt_uplimit_type_code,"CSRank(StateDwell($evt_uplimit_type_code,5))",1,4,,,,,,,,,,1,100,207055,1,0,,,primary_direction_not_reproduced,bl_signal_materialized_watch,phase3bp_true1min_hybrid_rx_cem,phase3bp_true1min_hybrid_rx_cem,0.07,hybrid arm from phase3bp_true1min_typed_event_state: typed event atom evt_uplimit_type_code_state_dwell_5 role=event_state_search class=event_state,short_top,,0,0,signal_corr_abs_ge_0.75|too_few_positive_horizons|weak_dense_primary_abs_ic,bp_watch_or_reject
bb8cea2077b385b35a40c3b6,phase3bp_00013,,typed_event_state::event_payload_state::event_inverted,evt_uplimit_fd_max,"Neg(CSRank(StateDwell($evt_uplimit_fd_max,5)))",1,4,,,,,,,,,,1,86,207055,1,0,,,primary_direction_not_reproduced,bl_signal_materialized_watch,phase3bp_true1min_hybrid_rx_cem,phase3bp_true1min_hybrid_rx_cem,0.07,hybrid arm from phase3bp_true1min_typed_event_state: typed event atom evt_uplimit_fd_max_state_dwell_5 role=event_state_search class=event_state,short_top,,0,0,signal_corr_abs_ge_0.75|too_few_positive_horizons|weak_dense_primary_abs_ic,bp_watch_or_reject
b27e2da0f48c839ac209ee62,phase3bp_00014,,typed_event_state::event_payload_state::event_rank,evt_uplimit_fd_max,"CSRank(StateDwell($evt_uplimit_fd_max,5))",1,4,,,,,,,,,,1,86,207055,1,0,,,primary_direction_not_reproduced,bl_signal_materialized_watch,phase3bp_true1min_hybrid_rx_cem,phase3bp_true1min_hybrid_rx_cem,0.07,hybrid arm from phase3bp_true1min_typed_event_state: typed event atom evt_uplimit_fd_max_state_dwell_5 role=event_state_search class=event_state,short_top,,0,0,signal_corr_abs_ge_0.75|too_few_positive_horizons|weak_dense_primary_abs_ic,bp_watch_or_reject
fb667fe4d294599d241ab1d8,phase3bp_00037,,typed_event_interaction::event_payload_state::coverage_guarded_context::event_minus_state,amount|ctx_sent_uplimit_num|evt_uplimit_up_limit_keep_times,"CSRank(Sub(CSRank(StateDwell($evt_uplimit_up_limit_keep_times,5)),CSRank(SafeCSResidual($ctx_sent_uplimit_num,$amount,20,5,0.8))))",1,4,,,,,,,,,,1,100,207055,1,0,,,primary_direction_not_reproduced,bl_signal_materialized_watch,phase3bp_true1min_hybrid_rx_cem,phase3bp_true1min_hybrid_rx_cem,0.09,hybrid arm from phase3bp_true1min_typed_event_state: typed event interaction evt_uplimit_up_limit_keep_times_state_dwell_5 x ctx_sent_uplimit_num_safe_residual_amount event_minus_state,short_top,,0,0,signal_corr_abs_ge_0.75|too_few_positive_horizons|weak_dense_primary_abs_ic,bp_watch_or_reject
f754dd5e5c64f0b0c4d33d6e,phase3bp_00041,,typed_event_interaction::event_payload_state::coverage_guarded_context::event_x_state,amount|ctx_sent_lb_h_num|evt_uplimit_up_limit_keep_times,"CSRank(Mul(CSRank(StateDwell($evt_uplimit_up_limit_keep_times,5)),CSRank(SafeCSResidual($ctx_sent_lb_h_num,$amount,20,5,0.8))))",1,4,,,,,,,,,,1,100,207055,1,0,,,primary_direction_not_reproduced,bl_signal_materialized_watch,phase3bp_true1min_hybrid_rx_cem,phase3bp_true1min_hybrid_rx_cem,0.09,hybrid arm from phase3bp_true1min_typed_event_state: typed event interaction evt_uplimit_up_limit_keep_times_state_dwell_5 x ctx_sent_lb_h_num_safe_residual_amount event_x_state,short_top,,0,0,signal_corr_abs_ge_0.75|too_few_positive_horizons|weak_dense_primary_abs_ic,bp_watch_or_reject
eff00183f73a6afa0bc51e6a,phase3bp_00046,,typed_event_interaction::event_payload_state::coverage_guarded_context::event_minus_state,amount|ctx_sent_mian_num|evt_uplimit_up_limit_keep_times,"CSRank(Sub(CSRank(StateDwell($evt_uplimit_up_limit_keep_times,5)),CSRank(SafeCSResidual($ctx_sent_mian_num,$amount,20,5,0.8))))",1,4,,,,,,,,,,1,100,207055,1,0,,,primary_direction_not_reproduced,bl_signal_materialized_watch,phase3bp_true1min_hybrid_rx_cem,phase3bp_true1min_hybrid_rx_cem,0.09,hybrid arm from phase3bp_true1min_typed_event_state: typed event interaction evt_uplimit_up_limit_keep_times_state_dwell_5 x ctx_sent_mian_num_safe_residual_amount event_minus_state,short_top,,0,0,signal_corr_abs_ge_0.75|too_few_positive_horizons|weak_dense_primary_abs_ic,bp_watch_or_reject
0f0f2865ba9f9b6c2d5284d2,phase3bp_00137,,cem_interaction::rx_range_location::rx_opening_amount::residual,close|high|low|m1_first30_vol|volume,"CSRank(CSResidual(CSRank(Sub(Div(Sub($close,$low),Add(Abs(Sub($high,$low)),0.000001)),Mean(Div(Sub($close,$low),Add(Abs(Sub($high,$low)),0.000001)),15))),CSRank(Div($m1_first30_vol,Add(Abs($volume),0.000001)))))",1,4,-0.2353486411,0.2358227041,0.005395683453,-0.0007586591971,0.0007931935575,0.01258992806,-0.0009545388023,0.556805649,0.797685139,2554,181244,207055,1,0,-0.2353486411,-0.0007586591971,primary_direction_not_reproduced|future_signal_wrong_lag_too_strong,bl_signal_materialized_watch,phase3bp_true1min_hybrid_rx_cem,phase3bp_true1min_hybrid_rx_cem,0.11,hybrid arm from phase3bp_true1min_cem_elite: cem seed interaction bar_loc_shift_15 x m1_first30_vol residual,short_top,0.2353486411,4,1,future_signal_wrong_lag_too_strong,bp_watch_or_reject
2e7204f38078109542ab813c,phase3bp_00157,,cem_interaction::rx_range_location::rx_opening_amount::residual,close|high|low|m1_first15_vol|volume,"CSRank(CSResidual(CSRank(Sub(Div(Sub($close,$low),Add(Abs(Sub($high,$low)),0.000001)),Mean(Div(Sub($close,$low),Add(Abs(Sub($high,$low)),0.000001)),30))),CSRank(Div($m1_first15_vol,Add(Abs($volume),0.000001)))))",1,4,-0.23459078,0.2351253027,0.005033557047,-0.000779235937,0.0008087767223,0.01006711409,-0.0006142911677,0.5531162622,0.7954394365,2554,194131,207055,1,0,-0.23459078,-0.000779235937,primary_direction_not_reproduced|future_signal_wrong_lag_too_strong,bl_signal_materialized_watch,phase3bp_true1min_hybrid_rx_cem,phase3bp_true1min_hybrid_rx_cem,0.11,hybrid arm from phase3bp_true1min_cem_elite: cem seed interaction bar_loc_shift_30 x m1_first15_vol residual,short_top,0.23459078,4,1,future_signal_wrong_lag_too_strong,bp_watch_or_reject
e152c3e92381e4345b918c0a,phase3bp_00169,,cem_interaction::rx_range_location::rx_opening_amount::residual,close|high|low|m1_first30_vol|volume,"CSRank(CSResidual(CSRank(Sub(Div(Sub($close,$low),Add(Abs(Sub($high,$low)),0.000001)),Mean(Div(Sub($close,$low),Add(Abs(Sub($high,$low)),0.000001)),10))),CSRank(Div($m1_first30_vol,Add(Abs($volume),0.000001)))))",1,4,-0.2324001614,0.2326838914,0.003597122302,-0.0007515346246,0.0007805833391,0.01079136691,0.000285816307,0.5630472429,0.7993494063,2554,181244,207055,1,0,-0.2324001614,-0.0007515346246,primary_direction_not_reproduced|future_signal_wrong_lag_too_strong,bl_signal_materialized_watch,phase3bp_true1min_hybrid_rx_cem,phase3bp_true1min_hybrid_rx_cem,0.11,hybrid arm from phase3bp_true1min_cem_elite: cem seed interaction bar_loc_shift_10 x m1_first30_vol residual,short_top,0.2324001614,4,2,future_signal_wrong_lag_too_strong,bp_watch_or_reject
806a266762df4d71b5014f66,phase3bp_00171,,cem_interaction::rx_range_location::rx_opening_amount::residual,close|high|low|m1_first15_vol|volume,"CSRank(CSResidual(CSRank(Sub(Div(Sub($close,$low),Add(Abs(Sub($high,$low)),0.000001)),Mean(Div(Sub($close,$low),Add(Abs(Sub($high,$low)),0.000001)),10))),CSRank(Div($m1_first15_vol,Add(Abs($volume),0.000001)))))",1,4,-0.229714788,0.229982512,0.003355704698,-0.0007612145067,0.0007902187505,0.01510067114,0.0002031402874,0.5656528203,0.7984631776,2554,194132,207055,1,0,-0.229714788,-0.0007612145067,primary_direction_not_reproduced|future_signal_wrong_lag_too_strong,bl_signal_materialized_watch,phase3bp_true1min_hybrid_rx_cem,phase3bp_true1min_hybrid_rx_cem,0.11,hybrid arm from phase3bp_true1min_cem_elite: cem seed interaction bar_loc_shift_10 x m1_first15_vol residual,short_top,0.229714788,4,3,future_signal_wrong_lag_too_strong,bp_watch_or_reject
216df5cda172b664c3eeb593,phase3bp_00161,,cem_interaction::rx_range_location::rx_opening_amount::residual,close|high|low|m1_first5_vol|volume,"CSRank(CSResidual(CSRank(Sub(Div(Sub($close,$low),Add(Abs(Sub($high,$low)),0.000001)),Mean(Div(Sub($close,$low),Add(Abs(Sub($high,$low)),0.000001)),20))),CSRank(Div($m1_first5_vol,Add(Abs($volume),0.000001)))))",1,4,-0.2295387637,0.2299748444,0.003184713376,-0.0007867322015,0.0008189537218,0.01910828025,-0.001543696509,0.5593013074,0.7974729203,2554,204413,207055,1,0,-0.2295387637,-0.0007867322015,primary_direction_not_reproduced|future_signal_wrong_lag_too_strong,bl_signal_materialized_watch,phase3bp_true1min_hybrid_rx_cem,phase3bp_true1min_hybrid_rx_cem,0.11,hybrid arm from phase3bp_true1min_cem_elite: cem seed interaction bar_loc_shift_20 x m1_first5_vol residual,short_top,0.2295387637,4,3,future_signal_wrong_lag_too_strong,bp_watch_or_reject
d837712b9fd61c09b13c1267,phase3bp_00189,,cem_interaction::rx_range_location::coverage_guarded_context::residual,amount|close|ctx_sent_damian_num|high|low,"CSRank(CSResidual(CSRank(Sub(Div(Sub($close,$low),Add(Abs(Sub($high,$low)),0.000001)),Mean(Div(Sub($close,$low),Add(Abs(Sub($high,$low)),0.000001)),20))),CSRank(SafeCSResidual($ctx_sent_damian_num,$amount,20,5,0.8))))",1,4,-0.2273641845,0.2280651005,0.008992062815,-0.0007771041194,0.0008130074923,0.01603591698,-0.001458499125,0.5558831385,0.7995563672,3240,184192,207055,1,0,-0.2273641845,-0.0007771041194,primary_direction_not_reproduced|future_signal_wrong_lag_too_strong,bl_signal_materialized_watch,phase3bp_true1min_hybrid_rx_cem,phase3bp_true1min_hybrid_rx_cem,0.11,hybrid arm from phase3bp_true1min_cem_elite: cem seed interaction bar_loc_shift_20 x ctx_sent_damian_num_safe_residual_amount residual,short_top,0.2273641845,4,4,future_signal_wrong_lag_too_strong,bp_watch_or_reject
8bb84c94da7e4647c7e659f2,phase3bp_00177,,cem_interaction::rx_range_location::rx_opening_amount::spread,close|high|low|m1_first30_vol|volume,"CSRank(Sub(ZScore(Sub(Div(Sub($close,$low),Add(Abs(Sub($high,$low)),0.000001)),Mean(Div(Sub($close,$low),Add(Abs(Sub($high,$low)),0.000001)),20))),ZScore(Div($m1_first30_vol,Add(Abs($volume),0.000001)))))",1,4,-0.227218288,0.2274484789,0.005395683453,-0.0007353726456,0.0007508960908,0.01618705036,0.0002187681073,0.5410358305,0.8034853367,2554,181244,207055,1,0,-0.227218288,-0.0007353726456,primary_direction_not_reproduced|future_signal_wrong_lag_too_strong,bl_signal_materialized_watch,phase3bp_true1min_hybrid_rx_cem,phase3bp_true1min_hybrid_rx_cem,0.11,hybrid arm from phase3bp_true1min_cem_elite: cem seed interaction bar_loc_shift_20 x m1_first30_vol spread,short_top,0.227218288,4,1,future_signal_wrong_lag_too_strong,bp_watch_or_reject
25c00eafc5b0435646ddbfad,phase3bp_00184,,cem_interaction::rx_range_location::coverage_guarded_context::spread,amount|close|ctx_sent_mian_num|high|low,"CSRank(Sub(ZScore(Sub(Div(Sub($close,$low),Add(Abs(Sub($high,$low)),0.000001)),Mean(Div(Sub($close,$low),Add(Abs(Sub($high,$low)),0.000001)),30))),CSRank(SafeCSResidual($ctx_sent_mian_num,$amount,20,5,0.8))))",1,4,-0.2271862281,0.228197048,0.009493670886,-0.0007699653846,0.0008047513411,0.01740506329,-0.0009064042593,0.5540758342,0.7984766185,3241,205695,207055,1,0,-0.2271862281,-0.0007699653846,primary_direction_not_reproduced|future_signal_wrong_lag_too_strong,bl_signal_materialized_watch,phase3bp_true1min_hybrid_rx_cem,phase3bp_true1min_hybrid_rx_cem,0.11,hybrid arm from phase3bp_true1min_cem_elite: cem seed interaction bar_loc_shift_30 x ctx_sent_mian_num_safe_residual_amount spread,short_top,0.2271862281,4,4,future_signal_wrong_lag_too_strong,bp_watch_or_reject
6fb580b37e761802eb031403,phase3bp_00192,,cem_interaction::rx_range_location::coverage_guarded_context::spread,amount|close|ctx_sent_damian_num|high|low,"CSRank(Sub(ZScore(Sub(Div(Sub($close,$low),Add(Abs(Sub($high,$low)),0.000001)),Mean(Div(Sub($close,$low),Add(Abs(Sub($high,$low)),0.000001)),20))),CSRank(SafeCSResidual($ctx_sent_damian_num,$amount,20,5,0.8))))",1,4,-0.2263240028,0.2269096812,0.007911392405,-0.0007766587234,0.0008095378232,0.01740506329,-0.001645704543,0.557147449,0.8003170243,3476,205696,207055,1,0,-0.2263240028,-0.0007766587234,primary_direction_not_reproduced|future_signal_wrong_lag_too_strong,bl_signal_materialized_watch,phase3bp_true1min_hybrid_rx_cem,phase3bp_true1min_hybrid_rx_cem,0.11,hybrid arm from phase3bp_true1min_cem_elite: cem seed interaction bar_loc_shift_20 x ctx_sent_damian_num_safe_residual_amount spread,short_top,0.2263240028,4,4,future_signal_wrong_lag_too_strong,bp_watch_or_reject
302c068ebfff8ae1c3e35c64,phase3bp_00114,,cem_interaction::rx_range_location::rx_opening_amount::residual,close|high|low|m1_first5_vol|volume,"CSRank(CSResidual(CSRank(Sub(Div(Sub($close,$low),Add(Abs(Sub($high,$low)),0.000001)),Mean(Div(Sub($close,$low),Add(Abs(Sub($high,$low)),0.000001)),10))),CSRank(Div($m1_first5_vol,Add(Abs($volume),0.000001)))))",1,4,-0.2259179724,0.2261777245,0.003184713376,-0.0007693467542,0.0008012581343,0.01910828025,-0.000882087539,0.5679425402,0.7995749023,2554,204413,207055,1,0,-0.2259179724,-0.0007693467542,primary_direction_not_reproduced|future_signal_wrong_lag_too_strong,bl_signal_materialized_watch,phase3bp_true1min_hybrid_rx_cem,phase3bp_true1min_hybrid_rx_cem,0.11,hybrid arm from phase3bp_true1min_cem_elite: cem seed interaction bar_loc_shift_10 x m1_first5_vol residual,short_top,0.2259179724,4,3,future_signal_wrong_lag_too_strong,bp_watch_or_reject
4a246fc273b8bbfb830e4fc6,phase3bp_00186,,cem_interaction::rx_range_location::coverage_guarded_context::spread,amount|close|ctx_sent_damian_num|high|low,"CSRank(Sub(ZScore(Sub(Div(Sub($close,$low),Add(Abs(Sub($high,$low)),0.000001)),Mean(Div(Sub($close,$low),Add(Abs(Sub($high,$low)),0.000001)),15))),CSRank(SafeCSResidual($ctx_sent_damian_num,$amount,20,5,0.8))))",1,4,-0.2253946138,0.2259607697,0.01107594937,-0.0007638944712,0.0007999408378,0.02689873418,-0.002178319705,0.5603706996,0.7997081452,3628,205696,207055,1,0,-0.2253946138,-0.0007638944712,primary_direction_not_reproduced|future_signal_wrong_lag_too_strong,bl_signal_materialized_watch,phase3bp_true1min_hybrid_rx_cem,phase3bp_true1min_hybrid_rx_cem,0.11,hybrid arm from phase3bp_true1min_cem_elite: cem seed interaction bar_loc_shift_15 x ctx_sent_damian_num_safe_residual_amount spread,short_top,0.2253946138,4,4,future_signal_wrong_lag_too_strong,bp_watch_or_reject
8563d3c7e146fa9af386e693,phase3bp_00158,,cem_interaction::rx_range_location::rx_opening_amount::spread,close|high|low|m1_first15_vol|volume,"CSRank(Sub(ZScore(Sub(Div(Sub($close,$low),Add(Abs(Sub($high,$low)),0.000001)),Mean(Div(Sub($close,$low),Add(Abs(Sub($high,$low)),0.000001)),30))),ZScore(Div($m1_first15_vol,Add(Abs($volume),0.000001)))))",1,4,-0.2252963401,0.2256306793,0.005033557047,-0.0007416459441,0.0007596834475,0.01510067114,7.269447446e-05,0.5402614177,0.8026284916,2554,194131,207055,1,0,-0.2252963401,-0.0007416459441,primary_direction_not_reproduced|future_signal_wrong_lag_too_strong,bl_signal_materialized_watch,phase3bp_true1min_hybrid_rx_cem,phase3bp_true1min_hybrid_rx_cem,0.11,hybrid arm from phase3bp_true1min_cem_elite: cem seed interaction bar_loc_shift_30 x m1_first15_vol spread,short_top,0.2252963401,4,3,future_signal_wrong_lag_too_strong,bp_watch_or_reject
ce7f46af9385e7735bf54d76,phase3bp_00183,,cem_interaction::rx_range_location::coverage_guarded_context::residual,amount|close|ctx_sent_downlimit_num|high|low,"CSRank(CSResidual(CSRank(Sub(Div(Sub($close,$low),Add(Abs(Sub($high,$low)),0.000001)),Mean(Div(Sub($close,$low),Add(Abs(Sub($high,$low)),0.000001)),10))),CSRank(SafeCSResidual($ctx_sent_downlimit_num,$amount,20,5,0.8))))",1,4,-0.2237203441,0.2243034271,0.007126565194,-0.0007523640976,0.0007882770065,0.02123489609,-0.001225261802,0.5643493299,0.8002271129,3391,184192,207055,1,0,-0.2237203441,-0.0007523640976,primary_direction_not_reproduced|future_signal_wrong_lag_too_strong,bl_signal_materialized_watch,phase3bp_true1min_hybrid_rx_cem,phase3bp_true1min_hybrid_rx_cem,0.11,hybrid arm from phase3bp_true1min_cem_elite: cem seed interaction bar_loc_shift_10 x ctx_sent_downlimit_num_safe_residual_amount residual,short_top,0.2237203441,4,4,future_signal_wrong_lag_too_strong,bp_watch_or_reject
39141d09b12fc78af0477f7b,phase3bp_00174,,cem_interaction::rx_range_location::rx_opening_amount::residual,close|high|low|m1_first15_vol|volume,"CSRank(CSResidual(CSRank(Sub(Div(Sub($close,$low),Add(Abs(Sub($high,$low)),0.000001)),Mean(Div(Sub($close,$low),Add(Abs(Sub($high,$low)),0.000001)),5))),CSRank(Div($m1_first15_vol,Add(Abs($volume),0.000001)))))",1,4,-0.2217223726,0.2220718224,0.006711409396,-0.0007389908681,0.0007632042463,0.01510067114,-0.000505576998,0.5814448229,0.8009836512,2554,194135,207055,1,0,-0.2217223726,-0.0007389908681,primary_direction_not_reproduced|future_signal_wrong_lag_too_strong,bl_signal_materialized_watch,phase3bp_true1min_hybrid_rx_cem,phase3bp_true1min_hybrid_rx_cem,0.11,hybrid arm from phase3bp_true1min_cem_elite: cem seed interaction bar_loc_shift_5 x m1_first15_vol residual,short_top,0.2217223726,4,4,future_signal_wrong_lag_too_strong,bp_watch_or_reject
b4534e0bb90bc0a942afca65,phase3bp_00166,,cem_interaction::rx_range_location::rx_opening_amount::spread,close|high|low|m1_first5_vol|volume,"CSRank(Sub(ZScore(Sub(Div(Sub($close,$low),Add(Abs(Sub($high,$low)),0.000001)),Mean(Div(Sub($close,$low),Add(Abs(Sub($high,$low)),0.000001)),30))),ZScore(Div($m1_first5_vol,Add(Abs($volume),0.000001)))))",1,4,-0.2216195105,0.2219384297,0.004777070064,-0.0007520400573,0.0007705057081,0.01751592357,-0.0004539767306,0.5434233524,0.8038211772,2554,204412,207055,1,0,-0.2216195105,-0.0007520400573,primary_direction_not_reproduced|future_signal_wrong_lag_too_strong,bl_signal_materialized_watch,phase3bp_true1min_hybrid_rx_cem,phase3bp_true1min_hybrid_rx_cem,0.11,hybrid arm from phase3bp_true1min_cem_elite: cem seed interaction bar_loc_shift_30 x m1_first5_vol spread,short_top,0.2216195105,4,3,future_signal_wrong_lag_too_strong,bp_watch_or_reject
a54442f9861634d17f663086,phase3bp_00110,,rx_interaction::rx_range_location::rx_opening_amount::product,close|high|low|m1_first15_vol|volume,"CSRank(Mul(ZScore(Sub(Div(Sub($close,$low),Add(Abs(Sub($high,$low)),0.000001)),Mean(Div(Sub($close,$low),Add(Abs(Sub($high,$low)),0.000001)),30))),ZScore(Div($m1_first15_vol,Add(Abs($volume),0.000001)))))",1,4,0.2188802277,0.2200462674,0.9815436242,0.0007177846932,0.0007348477962,0.9748322148,0.0006218536636,-0.5251486153,0.79027804,2554,194131,207055,1,0,0.2188802277,0.0007177846932,future_signal_wrong_lag_too_strong,bl_signal_materialized_watch,phase3bp_true1min_hybrid_rx_cem,phase3bp_true1min_hybrid_rx_cem,0.11,hybrid arm from phase3bp_true1min_rx_ucb_native: rx interaction bar_loc_shift_30 x m1_first15_vol product,long_top,0.2188802277,4,4,future_signal_wrong_lag_too_strong,bp_watch_or_reject
33a2a9492d5d30e9cfdc66b3,phase3bp_00187,,cem_interaction::rx_range_location::coverage_guarded_context::residual,amount|close|ctx_sent_up_num|high|low,"CSRank(CSResidual(CSRank(Sub(Div(Sub($close,$low),Add(Abs(Sub($high,$low)),0.000001)),Mean(Div(Sub($close,$low),Add(Abs(Sub($high,$low)),0.000001)),5))),CSRank(SafeCSResidual($ctx_sent_up_num,$amount,20,5,0.8))))",1,4,-0.2158237791,0.2165721717,0.006854608249,-0.0007232249685,0.0007569021924,0.02234661134,-0.001315206772,0.5794247029,0.8022494457,3456,184195,207055,1,0,-0.2158237791,-0.0007232249685,primary_direction_not_reproduced|future_signal_wrong_lag_too_strong,bl_signal_materialized_watch,phase3bp_true1min_hybrid_rx_cem,phase3bp_true1min_hybrid_rx_cem,0.11,hybrid arm from phase3bp_true1min_cem_elite: cem seed interaction bar_loc_shift_5 x ctx_sent_up_num_safe_residual_amount residual,short_top,0.2158237791,4,4,future_signal_wrong_lag_too_strong,bp_watch_or_reject
67ec1b49de73d74fc914e4fd,phase3bp_00180,,cem_interaction::rx_range_location::rx_opening_amount::spread,close|high|low|m1_first30_vol|volume,"CSRank(Sub(ZScore(Sub(Div(Sub($close,$low),Add(Abs(Sub($high,$low)),0.000001)),Mean(Div(Sub($close,$low),Add(Abs(Sub($high,$low)),0.000001)),5))),ZScore(Div($m1_first30_vol,Add(Abs($volume),0.000001)))))",1,4,-0.2157735531,0.2159744709,0.005395683453,-0.0007022166328,0.000711924866,0.01978417266,0.0005423428746,0.5663156298,0.8032453577,2554,181247,207055,1,0,-0.2157735531,-0.0007022166328,primary_direction_not_reproduced|future_signal_wrong_lag_too_strong,bl_signal_materialized_watch,phase3bp_true1min_hybrid_rx_cem,phase3bp_true1min_hybrid_rx_cem,0.11,hybrid arm from phase3bp_true1min_cem_elite: cem seed interaction bar_loc_shift_5 x m1_first30_vol spread,short_top,0.2157735531,4,4,future_signal_wrong_lag_too_strong,bp_watch_or_reject
569324809acd73aa171bf2c4,phase3bp_00172,,cem_interaction::rx_range_location::rx_opening_amount::spread,close|high|low|m1_first5_vol|volume,"CSRank(Sub(ZScore(Sub(Div(Sub($close,$low),Add(Abs(Sub($high,$low)),0.000001)),Mean(Div(Sub($close,$low),Add(Abs(Sub($high,$low)),0.000001)),8))),ZScore(Div($m1_first5_vol,Add(Abs($volume),0.000001)))))",1,4,-0.215204703,0.2152818605,0.004777070064,-0.0007340991443,0.0007490622946,0.02388535032,-0.0009771727366,0.5597163401,0.8026949328,2554,204416,207055,1,0,-0.215204703,-0.0007340991443,primary_direction_not_reproduced|future_signal_wrong_lag_too_strong,bl_signal_materialized_watch,phase3bp_true1min_hybrid_rx_cem,phase3bp_true1min_hybrid_rx_cem,0.11,hybrid arm from phase3bp_true1min_cem_elite: cem seed interaction bar_loc_shift_8 x m1_first5_vol spread,short_top,0.215204703,4,4,future_signal_wrong_lag_too_strong,bp_watch_or_reject
c74fe0e35d7fe173674966c4,phase3bp_00103,,rx_interaction::rx_range_location::rx_opening_amount::product,close|high|low|m1_first5_vol|volume,"CSRank(Mul(ZScore(Sub(Div(Sub($close,$low),Add(Abs(Sub($high,$low)),0.000001)),Mean(Div(Sub($close,$low),Add(Abs(Sub($high,$low)),0.000001)),15))),ZScore(Div($m1_first5_vol,Add(Abs($volume),0.000001)))))",1,4,0.2117864231,0.2132156508,0.9777070064,0.0007053413569,0.0007415478671,0.9585987261,0.001599241515,-0.5307091081,0.794063114,2554,204413,207055,1,0,0.2117864231,0.0007053413569,future_signal_wrong_lag_too_strong,bl_signal_materialized_watch,phase3bp_true1min_hybrid_rx_cem,phase3bp_true1min_hybrid_rx_cem,0.11,hybrid arm from phase3bp_true1min_rx_ucb_native: rx interaction bar_loc_shift_15 x m1_first5_vol product,long_top,0.2117864231,4,4,future_signal_wrong_lag_too_strong,bp_watch_or_reject
5d3b2cb7604794b122284cb6,phase3bp_00185,,cem_interaction::rx_range_location::coverage_guarded_context::residual,amount|close|ctx_zls_lbgd|high|low,"CSRank(CSResidual(CSRank(Sub(Div(Sub($close,$low),Add(Abs(Sub($high,$low)),0.000001)),Mean(Div(Sub($close,$low),Add(Abs(Sub($high,$low)),0.000001)),15))),CSRank(SafeCSResidual($ctx_zls_lbgd,$amount,20,5,0.8))))",1,4,-0.1911208571,0.1911208571,0,-0.0005518931958,0.0005518931958,0,-0.01442563251,0.5184808551,0.8357367893,337,2591,207055,1,0,-0.1911208571,-0.0005518931958,primary_direction_not_reproduced|future_signal_wrong_lag_too_strong,bl_signal_materialized_watch,phase3bp_true1min_hybrid_rx_cem,phase3bp_true1min_hybrid_rx_cem,0.11,hybrid arm from phase3bp_true1min_cem_elite: cem seed interaction bar_loc_shift_15 x ctx_zls_lbgd_safe_residual_amount residual,short_top,0.1911208571,4,3,future_signal_wrong_lag_too_strong,bp_watch_or_reject
cb1f6689c6bd8772accf96b4,phase3bp_00102,,rx_interaction::rx_range_location::rx_opening_amount::product,close|high|low|m1_first5_vol|volume,"CSRank(Mul(ZScore(Sub(Div(Sub($close,$low),Add(Abs(Sub($high,$low)),0.000001)),Mean(Div(Sub($close,$low),Add(Abs(Sub($high,$low)),0.000001)),3))),ZScore(Div($m1_first5_vol,Add(Abs($volume),0.000001)))))",1,4,0.1868628041,0.1889179289,0.9824840764,0.0006351038056,0.0006617422542,0.9617834395,0.002401851748,-0.5644911252,0.8003150213,2554,204416,207055,1,0,0.1868628041,0.0006351038056,future_signal_wrong_lag_too_strong,bl_signal_materialized_watch,phase3bp_true1min_hybrid_rx_cem,phase3bp_true1min_hybrid_rx_cem,0.11,hybrid arm from phase3bp_true1min_rx_ucb_native: rx interaction bar_loc_shift_3 x m1_first5_vol product,long_top,0.1868628041,4,4,future_signal_wrong_lag_too_strong,bp_watch_or_reject
cffcce1bc4f0b353649d52f6,phase3bp_00178,,cem_interaction::rx_range_location::rx_opening_amount::residual,close|high|low|m1_first15_vol|volume,"CSRank(CSResidual(CSRank(Sub(Div(Sub($close,$low),Add(Abs(Sub($high,$low)),0.000001)),Mean(Div(Sub($close,$low),Add(Abs(Sub($high,$low)),0.000001)),2))),CSRank(Div($m1_first15_vol,Add(Abs($volume),0.000001)))))",1,4,-0.1717536735,0.1723528487,0.01174496644,-0.0006739253499,0.0006901900976,0.02013422819,-0.00426548321,0.6038187881,0.7992702858,2555,194135,207055,1,0,-0.1717536735,-0.0006739253499,primary_direction_not_reproduced|future_signal_wrong_lag_too_strong,bl_signal_materialized_watch,phase3bp_true1min_hybrid_rx_cem,phase3bp_true1min_hybrid_rx_cem,0.11,hybrid arm from phase3bp_true1min_cem_elite: cem seed interaction bar_loc_shift_2 x m1_first15_vol residual,short_top,0.1717536735,4,4,future_signal_wrong_lag_too_strong,bp_watch_or_reject
5e448d103250fbb2b9c2d575,phase3bp_00128,,cem_interaction::rx_range_location::rx_opening_amount::residual,close|high|low|m1_first5_vol|volume,"CSRank(CSResidual(CSRank(Sub(Div(Sub($close,$low),Add(Abs(Sub($high,$low)),0.000001)),Mean(Div(Sub($close,$low),Add(Abs(Sub($high,$low)),0.000001)),2))),CSRank(Div($m1_first5_vol,Add(Abs($volume),0.000001)))))",1,4,-0.169198179,0.1698462162,0.0127388535,-0.0006862833773,0.0007036360233,0.02547770701,-0.005393529947,0.6023432002,0.7996105277,2555,204416,207055,1,0,-0.169198179,-0.0006862833773,primary_direction_not_reproduced|future_signal_wrong_lag_too_strong,bl_signal_materialized_watch,phase3bp_true1min_hybrid_rx_cem,phase3bp_true1min_hybrid_rx_cem,0.11,hybrid arm from phase3bp_true1min_cem_elite: cem seed interaction bar_loc_shift_2 x m1_first5_vol residual,short_top,0.169198179,4,4,future_signal_wrong_lag_too_strong,bp_watch_or_reject
ab958767fd8c80cf8276211e,phase3bp_00126,,cem_interaction::rx_opening_range::coverage_guarded_context::spread,amount|ctx_zls_ztjs|m1_first15_high|m1_first15_low|open,"CSRank(Sub(ZScore(Div(Sub($m1_first15_high,$m1_first15_low),Add(Abs($open),0.000001))),CSRank(SafeCSResidual($ctx_zls_ztjs,$amount,20,5,0.8))))",15,4,-0.1689142267,0.1689142267,0,-0.0005955627873,0.0009056894273,0.5,-0.1846375433,-0.168748636,0.4499972684,323,2591,207055,1,0,-0.1689142267,-0.0005955627873,primary_direction_not_reproduced|future_signal_wrong_lag_too_strong,bl_signal_materialized_watch,phase3bp_true1min_hybrid_rx_cem,phase3bp_true1min_hybrid_rx_cem,0.11,hybrid arm from phase3bp_true1min_cem_elite: cem seed interaction m1_first15_actual_range x ctx_zls_ztjs_safe_residual_amount spread,short_top,0.1689142267,4,4,future_signal_wrong_lag_too_strong,bp_watch_or_reject
90d99e784de7dc9a7fb58426,phase3bp_00140,,cem_interaction::rx_opening_range::coverage_guarded_context::residual,amount|ctx_zls_ztjs|m1_first15_high|m1_first15_low|open,"CSRank(CSResidual(CSRank(Div(Sub($m1_first15_high,$m1_first15_low),Add(Abs($open),0.000001))),CSRank(SafeCSResidual($ctx_zls_ztjs,$amount,20,5,0.8))))",15,4,-0.1689142267,0.1689142267,0,-0.0005955627873,0.0009056894273,0.5,-0.1846375433,-0.168748636,0.4499972684,323,2591,207055,1,0,-0.1689142267,-0.0005955627873,primary_direction_not_reproduced|future_signal_wrong_lag_too_strong,bl_signal_materialized_watch,phase3bp_true1min_hybrid_rx_cem,phase3bp_true1min_hybrid_rx_cem,0.11,hybrid arm from phase3bp_true1min_cem_elite: cem seed interaction m1_first15_actual_range x ctx_zls_ztjs_safe_residual_amount residual,short_top,0.1689142267,4,4,future_signal_wrong_lag_too_strong,bp_watch_or_reject
2c01027f1fa629eb75d79993,phase3bp_00159,,cem_interaction::rx_opening_range::coverage_guarded_context::spread,amount|ctx_zls_strong|m1_first15_high|m1_first15_low|open,"CSRank(Sub(ZScore(Div(Sub($m1_first15_high,$m1_first15_low),Add(Abs($open),0.000001))),CSRank(SafeCSResidual($ctx_zls_strong,$amount,20,5,0.8))))",15,4,-0.1689142267,0.1689142267,0,-0.0005955627873,0.0009056894273,0.5,-0.1846375433,-0.168748636,0.4499972684,323,2591,207055,1,0,-0.1689142267,-0.0005955627873,primary_direction_not_reproduced|future_signal_wrong_lag_too_strong,bl_signal_materialized_watch,phase3bp_true1min_hybrid_rx_cem,phase3bp_true1min_hybrid_rx_cem,0.11,hybrid arm from phase3bp_true1min_cem_elite: cem seed interaction m1_first15_actual_range x ctx_zls_strong_safe_residual_amount spread,short_top,0.1689142267,4,4,future_signal_wrong_lag_too_strong,bp_watch_or_reject
cc39d7f681d1d4c000a17559,phase3bp_00100,,rx_interaction::rx_range_location::rx_opening_amount::product,close|high|low|m1_first30_vol|volume,"CSRank(Mul(ZScore(Sub(Div(Sub($close,$low),Add(Abs(Sub($high,$low)),0.000001)),Mean(Div(Sub($close,$low),Add(Abs(Sub($high,$low)),0.000001)),2))),ZScore(Div($m1_first30_vol,Add(Abs($volume),0.000001)))))",1,4,0.1615467337,0.1631405684,0.9838129496,0.0006362130997,0.0006494927419,0.9748201439,0.005547745602,-0.5688900491,0.7997229453,2554,181247,207055,1,0,0.1615467337,0.0006362130997,future_signal_wrong_lag_too_strong,bl_signal_materialized_watch,phase3bp_true1min_hybrid_rx_cem,phase3bp_true1min_hybrid_rx_cem,0.11,hybrid arm from phase3bp_true1min_rx_ucb_native: rx interaction bar_loc_shift_2 x m1_first30_vol product,long_top,0.1615467337,4,4,future_signal_wrong_lag_too_strong,bp_watch_or_reject
c70cc97d5c573accb984ae6f,phase3bp_00124,,cem_interaction::rx_range_location::rx_opening_amount::spread,close|high|low|m1_first30_vol|volume,"CSRank(Sub(ZScore(Sub(Div(Sub($close,$low),Add(Abs(Sub($high,$low)),0.000001)),Mean(Div(Sub($close,$low),Add(Abs(Sub($high,$low)),0.000001)),2))),ZScore(Div($m1_first30_vol,Add(Abs($volume),0.000001)))))",1,4,-0.1614308031,0.1621696824,0.01258992806,-0.000655214196,0.0006607465282,0.01978417266,-0.002324112405,0.5711619773,0.8001741926,2554,181247,207055,1,0,-0.1614308031,-0.000655214196,primary_direction_not_reproduced|future_signal_wrong_lag_too_strong,bl_signal_materialized_watch,phase3bp_true1min_hybrid_rx_cem,phase3bp_true1min_hybrid_rx_cem,0.11,hybrid arm from phase3bp_true1min_cem_elite: cem seed interaction bar_loc_shift_2 x m1_first30_vol spread,short_top,0.1614308031,4,4,future_signal_wrong_lag_too_strong,bp_watch_or_reject
ff64d43f472fab6f1a5d46f8,phase3bp_00113,,rx_interaction::rx_intraday_price_location::coverage_guarded_context::product,amount|ctx_sent_max_lb_num|open|vwap,"CSRank(Mul(ZScore(Sub(Div(Sub($vwap,$open),Add(Abs($open),0.000001)),Mean(Div(Sub($vwap,$open),Add(Abs($open),0.000001)),15))),CSRank(SafeCSResidual($ctx_sent_max_lb_num,$amount,20,5,0.8))))",5,4,-0.06249323073,0.0815237677,0.2094594595,-0.0004045727638,0.0008278310979,0.3040540541,-0.0003090885116,0.2011024223,0.7867601827,15359,167926,207055,1,0,-0.06249323073,-0.0004045727638,primary_direction_not_reproduced|future_signal_wrong_lag_too_strong,bl_signal_materialized_watch,phase3bp_true1min_hybrid_rx_cem,phase3bp_true1min_hybrid_rx_cem,0.1,hybrid arm from phase3bp_true1min_rx_ucb_native: rx interaction vwap_open_gap_shift_15 x ctx_sent_max_lb_num_safe_residual_amount product,short_top,0.06249323073,4,4,future_signal_wrong_lag_too_strong,bp_watch_or_reject
06d99f1e45bba8dd0b4a0460,phase3bp_00132,,cem_interaction::rx_opening_range::coverage_guarded_context::residual,amount|ctx_sent_downlimit_num|m1_first30_high|m1_first30_low|open,"CSRank(CSResidual(CSRank(Div(Sub($m1_first30_high,$m1_first30_low),Add(Abs($open),0.000001))),CSRank(SafeCSResidual($ctx_sent_downlimit_num,$amount,20,5,0.8))))",30,4,-0.04557127958,0.1156963686,0.3338400422,5.96272981e-05,0.002286529218,0.483828911,-0.03084511075,-0.04464449303,0.5160126808,2273,163031,207055,1,0,-0.04557127958,5.96272981e-05,primary_direction_not_reproduced|future_signal_wrong_lag_too_strong,bl_signal_materialized_watch,phase3bp_true1min_hybrid_rx_cem,phase3bp_true1min_hybrid_rx_cem,0.11,hybrid arm from phase3bp_true1min_cem_elite: cem seed interaction m1_first30_actual_range x ctx_sent_downlimit_num_safe_residual_amount residual,short_top,0.04557127958,3,4,future_signal_wrong_lag_too_strong,bp_watch_or_reject
66a8f093dab01cf95d5046b2,phase3bp_00136,,cem_interaction::rx_opening_range::coverage_guarded_context::residual,amount|ctx_sent_lt5_num|m1_first30_high|m1_first30_low|open,"CSRank(CSResidual(CSRank(Div(Sub($m1_first30_high,$m1_first30_low),Add(Abs($open),0.000001))),CSRank(SafeCSResidual($ctx_sent_lt5_num,$amount,20,5,0.8))))",30,4,-0.04557127958,0.1156963686,0.3338400422,5.96272981e-05,0.002286529218,0.483828911,-0.03084511075,-0.04464449303,0.5160126808,2273,163031,207055,1,0,-0.04557127958,5.96272981e-05,primary_direction_not_reproduced|future_signal_wrong_lag_too_strong,bl_signal_materialized_watch,phase3bp_true1min_hybrid_rx_cem,phase3bp_true1min_hybrid_rx_cem,0.11,hybrid arm from phase3bp_true1min_cem_elite: cem seed interaction m1_first30_actual_range x ctx_sent_lt5_num_safe_residual_amount residual,short_top,0.04557127958,3,4,future_signal_wrong_lag_too_strong,bp_watch_or_reject
98e46d66a795676d0f25aa4f,phase3bp_00121,,cem_interaction::rx_opening_range::coverage_guarded_context::residual,amount|ctx_sent_mian_num|m1_first15_high|m1_first15_low|open,"CSRank(CSResidual(CSRank(Div(Sub($m1_first15_high,$m1_first15_low),Add(Abs($open),0.000001))),CSRank(SafeCSResidual($ctx_sent_mian_num,$amount,20,5,0.8))))",30,4,-0.04391404254,0.1125039155,0.3493051382,0.0001565902134,0.002300077413,0.5089586344,-0.0308108067,-0.04385495418,0.5205133306,2293,174317,207055,1,0,-0.04391404254,0.0001565902134,primary_direction_not_reproduced|future_signal_wrong_lag_too_strong,bl_signal_materialized_watch,phase3bp_true1min_hybrid_rx_cem,phase3bp_true1min_hybrid_rx_cem,0.11,hybrid arm from phase3bp_true1min_cem_elite: cem seed interaction m1_first15_actual_range x ctx_sent_mian_num_safe_residual_amount residual,short_top,0.04391404254,3,4,future_signal_wrong_lag_too_strong,bp_watch_or_reject
4ffc50c4aeead3600a9416c2,phase3bp_00125,,cem_interaction::rx_opening_range::coverage_guarded_context::residual,amount|ctx_sent_up_num|m1_first15_high|m1_first15_low|open,"CSRank(CSResidual(CSRank(Div(Sub($m1_first15_high,$m1_first15_low),Add(Abs($open),0.000001))),CSRank(SafeCSResidual($ctx_sent_up_num,$amount,20,5,0.8))))",30,4,-0.04391404254,0.1125039155,0.3493051382,0.0001565902134,0.002300077413,0.5089586344,-0.0308108067,-0.04385495418,0.5205133306,2293,174317,207055,1,0,-0.04391404254,0.0001565902134,primary_direction_not_reproduced|future_signal_wrong_lag_too_strong,bl_signal_materialized_watch,phase3bp_true1min_hybrid_rx_cem,phase3bp_true1min_hybrid_rx_cem,0.11,hybrid arm from phase3bp_true1min_cem_elite: cem seed interaction m1_first15_actual_range x ctx_sent_up_num_safe_residual_amount residual,short_top,0.04391404254,3,4,future_signal_wrong_lag_too_strong,bp_watch_or_reject
864e8b8ea3a52d514a92d871,phase3bp_00130,,cem_interaction::rx_opening_range::coverage_guarded_context::residual,amount|ctx_sent_downlimit_num|m1_first15_high|m1_first15_low|open,"CSRank(CSResidual(CSRank(Div(Sub($m1_first15_high,$m1_first15_low),Add(Abs($open),0.000001))),CSRank(SafeCSResidual($ctx_sent_downlimit_num,$amount,20,5,0.8))))",30,4,-0.04391404254,0.1125039155,0.3493051382,0.0001565902134,0.002300077413,0.5089586344,-0.0308108067,-0.04385495418,0.5205133306,2293,174317,207055,1,0,-0.04391404254,0.0001565902134,primary_direction_not_reproduced|future_signal_wrong_lag_too_strong,bl_signal_materialized_watch,phase3bp_true1min_hybrid_rx_cem,phase3bp_true1min_hybrid_rx_cem,0.11,hybrid arm from phase3bp_true1min_cem_elite: cem seed interaction m1_first15_actual_range x ctx_sent_downlimit_num_safe_residual_amount residual,short_top,0.04391404254,3,4,future_signal_wrong_lag_too_strong,bp_watch_or_reject
d2f38954a2a245c82159fd4e,phase3bp_00138,,cem_interaction::rx_opening_range::coverage_guarded_context::residual,amount|ctx_sent_zb_num|m1_first15_high|m1_first15_low|open,"CSRank(CSResidual(CSRank(Div(Sub($m1_first15_high,$m1_first15_low),Add(Abs($open),0.000001))),CSRank(SafeCSResidual($ctx_sent_zb_num,$amount,20,5,0.8))))",30,4,-0.04391404254,0.1125039155,0.3493051382,0.0001565902134,0.002300077413,0.5089586344,-0.0308108067,-0.04385495418,0.5205133306,2293,174317,207055,1,0,-0.04391404254,0.0001565902134,primary_direction_not_reproduced|future_signal_wrong_lag_too_strong,bl_signal_materialized_watch,phase3bp_true1min_hybrid_rx_cem,phase3bp_true1min_hybrid_rx_cem,0.11,hybrid arm from phase3bp_true1min_cem_elite: cem seed interaction m1_first15_actual_range x ctx_sent_zb_num_safe_residual_amount residual,short_top,0.04391404254,3,4,future_signal_wrong_lag_too_strong,bp_watch_or_reject
50523e91d458632993a77777,phase3bp_00127,,cem_interaction::rx_opening_range::coverage_guarded_context::spread,amount|ctx_sent_lb_2_num|m1_first30_high|m1_first30_low|open,"CSRank(Sub(ZScore(Div(Sub($m1_first30_high,$m1_first30_low),Add(Abs($open),0.000001))),CSRank(SafeCSResidual($ctx_sent_lb_2_num,$amount,20,5,0.8))))",30,4,-0.04378674091,0.1168117499,0.3435251799,0.0001627362433,0.00233537055,0.4928057554,-0.03378957804,-0.04295460729,0.5141825316,2602,181328,207055,1,0,-0.04378674091,0.0001627362433,primary_direction_not_reproduced|future_signal_wrong_lag_too_strong,bl_signal_materialized_watch,phase3bp_true1min_hybrid_rx_cem,phase3bp_true1min_hybrid_rx_cem,0.11,hybrid arm from phase3bp_true1min_cem_elite: cem seed interaction m1_first30_actual_range x ctx_sent_lb_2_num_safe_residual_amount spread,short_top,0.04378674091,3,4,future_signal_wrong_lag_too_strong,bp_watch_or_reject
5465095d6e90d69b49ad73c7,phase3bp_00141,,cem_interaction::rx_opening_range::coverage_guarded_context::spread,amount|ctx_sent_lt5_num|m1_first30_high|m1_first30_low|open,"CSRank(Sub(ZScore(Div(Sub($m1_first30_high,$m1_first30_low),Add(Abs($open),0.000001))),CSRank(SafeCSResidual($ctx_sent_lt5_num,$amount,20,5,0.8))))",30,4,-0.04378674091,0.1168117499,0.3435251799,0.0001627362433,0.00233537055,0.4928057554,-0.03378957804,-0.04295460729,0.5141825316,2602,181328,207055,1,0,-0.04378674091,0.0001627362433,primary_direction_not_reproduced|future_signal_wrong_lag_too_strong,bl_signal_materialized_watch,phase3bp_true1min_hybrid_rx_cem,phase3bp_true1min_hybrid_rx_cem,0.11,hybrid arm from phase3bp_true1min_cem_elite: cem seed interaction m1_first30_actual_range x ctx_sent_lt5_num_safe_residual_amount spread,short_top,0.04378674091,3,4,future_signal_wrong_lag_too_strong,bp_watch_or_reject
84e30972cf163fb01ce4a0ca,phase3bp_00146,,cem_interaction::rx_opening_range::coverage_guarded_context::spread,amount|ctx_sent_downlimit_num|m1_first30_high|m1_first30_low|open,"CSRank(Sub(ZScore(Div(Sub($m1_first30_high,$m1_first30_low),Add(Abs($open),0.000001))),CSRank(SafeCSResidual($ctx_sent_downlimit_num,$amount,20,5,0.8))))",30,4,-0.04378674091,0.1168117499,0.3435251799,0.0001627362433,0.00233537055,0.4928057554,-0.03378957804,-0.04295460729,0.5141825316,2602,181328,207055,1,0,-0.04378674091,0.0001627362433,primary_direction_not_reproduced|future_signal_wrong_lag_too_strong,bl_signal_materialized_watch,phase3bp_true1min_hybrid_rx_cem,phase3bp_true1min_hybrid_rx_cem,0.11,hybrid arm from phase3bp_true1min_cem_elite: cem seed interaction m1_first30_actual_range x ctx_sent_downlimit_num_safe_residual_amount spread,short_top,0.04378674091,3,4,future_signal_wrong_lag_too_strong,bp_watch_or_reject
202dbba49a85d1939e7e77b6,phase3bp_00152,,cem_interaction::rx_opening_range::coverage_guarded_context::spread,amount|ctx_sent_down_num|m1_first30_high|m1_first30_low|open,"CSRank(Sub(ZScore(Div(Sub($m1_first30_high,$m1_first30_low),Add(Abs($open),0.000001))),CSRank(SafeCSResidual($ctx_sent_down_num,$amount,20,5,0.8))))",30,4,-0.04378674091,0.1168117499,0.3435251799,0.0001627362433,0.00233537055,0.4928057554,-0.03378957804,-0.04295460729,0.5141825316,2602,181328,207055,1,0,-0.04378674091,0.0001627362433,primary_direction_not_reproduced|future_signal_wrong_lag_too_strong,bl_signal_materialized_watch,phase3bp_true1min_hybrid_rx_cem,phase3bp_true1min_hybrid_rx_cem,0.11,hybrid arm from phase3bp_true1min_cem_elite: cem seed interaction m1_first30_actual_range x ctx_sent_down_num_safe_residual_amount spread,short_top,0.04378674091,3,4,future_signal_wrong_lag_too_strong,bp_watch_or_reject
